data_type,data_source_id,data_source_code,zone_name,zone_has_overlaps,zone_geometry,main_feature,subgroup,units1,units2,units3,units4,function_name,ready_path,subgroup_original_code,subgroup_original_name,lake,flatbuff100,flatbuff500,flatws,flatnws,ws,nws,hu12,hu8,hu4,county,state,epanutr,omernik3,wwf,mlra,bailey,neon,,,,
zone,,,buff100,Y,polygon,,,,,,,hand,r'D:\Continental_Limnology\Data_Working\LAGOS_US_GIS_Data_v0.9.gdb\buff100',,,,,,,,,,,,,,,,,,,,,,,,
zone,,,buff500,Y,polygon,,,,,,,hand,r'D:\Continental_Limnology\Data_Working\LAGOS_US_GIS_Data_v0.9.gdb\buff500',,,,,,,,,,,,,,,,,,,,,,,,
zone,,,ws,Y,polygon,,,,,,,watersheds_toolchain,r'D:\Continental_Limnology\Data_Working\LAGOS_US_GIS_Data_v0.9.gdb\ws',,,,,,,,,,,,,,,,,,,,,,,,
zone,,,nws,Y,polygon,,,,,,,watersheds_toolchain,r'D:\Continental_Limnology\Data_Working\LAGOS_US_GIS_Data_v0.9.gdb\nws',,,,,,,,,,,,,,,,,,,,,,,,
zone,,,hu12,N,polygon,,,,,,,create_zones_log,r'D:\Continental_Limnology\Data_Working\LAGOS_US_GIS_Data_v0.9.gdb\hu12',,,,,,,,,,,,,,,,,,,,,,,,
zone,,,hu8,N,polygon,,,,,,,create_zones_log,r'D:\Continental_Limnology\Data_Working\LAGOS_US_GIS_Data_v0.9.gdb\hu8',,,,,,,,,,,,,,,,,,,,,,,,
zone,,,hu4,N,polygon,,,,,,,create_zones_log,r'D:\Continental_Limnology\Data_Working\LAGOS_US_GIS_Data_v0.9.gdb\hu4',,,,,,,,,,,,,,,,,,,,,,,,
zone,,,county,N,polygon,,,,,,,create_zones_log,r'D:\Continental_Limnology\Data_Working\LAGOS_US_GIS_Data_v0.9.gdb\county',,,,,,,,,,,,,,,,,,,,,,,,
zone,,,state,N,polygon,,,,,,,create_zones_log,r'D:\Continental_Limnology\Data_Working\LAGOS_US_GIS_Data_v0.9.gdb\state',,,,,,,,,,,,,,,,,,,,,,,,
zone,,,epanutr,N,polygon,,,,,,,create_zones_log,r'D:\Continental_Limnology\Data_Working\LAGOS_US_GIS_Data_v0.9.gdb\epanutr',,,,,,,,,,,,,,,,,,,,,,,,
zone,,,omernik3,N,polygon,,,,,,,create_zones_log,r'D:\Continental_Limnology\Data_Working\LAGOS_US_GIS_Data_v0.9.gdb\omernik3',,,,,,,,,,,,,,,,,,,,,,,,
zone,,,wwf,N,polygon,,,,,,,create_zones_log,r'D:\Continental_Limnology\Data_Working\LAGOS_US_GIS_Data_v0.9.gdb\wwf',,,,,,,,,,,,,,,,,,,,,,,,
zone,,,mlra,N,polygon,,,,,,,create_zones_log,r'D:\Continental_Limnology\Data_Working\LAGOS_US_GIS_Data_v0.9.gdb\mlra',,,,,,,,,,,,,,,,,,,,,,,,
zone,,,bailey,N,polygon,,,,,,,create_zones_log,r'D:\Continental_Limnology\Data_Working\LAGOS_US_GIS_Data_v0.9.gdb\bailey',,,,,,,,,,,,,,,,,,,,,,,,
zone,,,neon,N,polygon,,,,,,,create_zones_log,r'D:\Continental_Limnology\Data_Working\LAGOS_US_GIS_Data_v0.9.gdb\neon',,,,,,,,,,,,,,,,,,,,,,,,
zone,,,hu12,N,raster,,,,,,,multi_convert_to_raster,r'D:\Continental_Limnology\Data_Working\LAGOS_US_GIS_Data_v0.9_RASTER.gdb\hu12_raster',,,,,,,,,,,,,,,,,,,,,,,,
zone,,,hu8,N,raster,,,,,,,multi_convert_to_raster,r'D:\Continental_Limnology\Data_Working\LAGOS_US_GIS_Data_v0.9_RASTER.gdb\hu8_raster',,,,,,,,,,,,,,,,,,,,,,,,
zone,,,hu4,N,raster,,,,,,,multi_convert_to_raster,r'D:\Continental_Limnology\Data_Working\LAGOS_US_GIS_Data_v0.9_RASTER.gdb\hu4_raster',,,,,,,,,,,,,,,,,,,,,,,,
zone,,,county,N,raster,,,,,,,multi_convert_to_raster,r'D:\Continental_Limnology\Data_Working\LAGOS_US_GIS_Data_v0.9_RASTER.gdb\county_raster',,,,,,,,,,,,,,,,,,,,,,,,
zone,,,state,N,raster,,,,,,,multi_convert_to_raster,r'D:\Continental_Limnology\Data_Working\LAGOS_US_GIS_Data_v0.9_RASTER.gdb\state_raster',,,,,,,,,,,,,,,,,,,,,,,,
zone,,,epanutr,N,raster,,,,,,,multi_convert_to_raster,r'D:\Continental_Limnology\Data_Working\LAGOS_US_GIS_Data_v0.9_RASTER.gdb\epanutr_raster',,,,,,,,,,,,,,,,,,,,,,,,
zone,,,omernik3,N,raster,,,,,,,multi_convert_to_raster,r'D:\Continental_Limnology\Data_Working\LAGOS_US_GIS_Data_v0.9_RASTER.gdb\omernik3_raster',,,,,,,,,,,,,,,,,,,,,,,,
zone,,,wwf,N,raster,,,,,,,multi_convert_to_raster,r'D:\Continental_Limnology\Data_Working\LAGOS_US_GIS_Data_v0.9_RASTER.gdb\wwf_raster',,,,,,,,,,,,,,,,,,,,,,,,
zone,,,mlra,N,raster,,,,,,,multi_convert_to_raster,r'D:\Continental_Limnology\Data_Working\LAGOS_US_GIS_Data_v0.9_RASTER.gdb\mlra_raster',,,,,,,,,,,,,,,,,,,,,,,,
zone,,,bailey,N,raster,,,,,,,multi_convert_to_raster,r'D:\Continental_Limnology\Data_Working\LAGOS_US_GIS_Data_v0.9_RASTER.gdb\bailey_raster',,,,,,,,,,,,,,,,,,,,,,,,
zone,,,neon,N,raster,,,,,,,multi_convert_to_raster,r'D:\Continental_Limnology\Data_Working\LAGOS_US_GIS_Data_v0.9_RASTER.gdb\neon_raster',,,,,,,,,,,,,,,,,,,,,,,,
zone,,,flatbuff100,Y,raster,,,,,,,multi_convert_to_raster,r'D:\Continental_Limnology\Data_Working\LAGOS_US_GIS_Data_v0.9_RASTER.gdb\flatbuff100_raster',,,,,,,,,,,,,,,,,,,,,,,,
zone,,,flatbuff500,Y,raster,,,,,,,multi_convert_to_raster,r'D:\Continental_Limnology\Data_Working\LAGOS_US_GIS_Data_v0.9_RASTER.gdb\flatbuff500_raster',,,,,,,,,,,,,,,,,,,,,,,,
zone,,,flatws,Y,raster,,,,,,,multi_convert_to_raster,r'D:\Continental_Limnology\Data_Working\LAGOS_US_GIS_Data_v0.9_RASTER.gdb\flatws_raster',,,,,,,,,,,,,,,,,,,,,,,,
zone,,,flatnws,Y,raster,,,,,,,multi_convert_to_raster,r'D:\Continental_Limnology\Data_Working\LAGOS_US_GIS_Data_v0.9_RASTER.gdb\flatnws_raster',,,,,,,,,,,,,,,,,,,,,,,,
zone,,,lake,N,point,,,,,,,lakes_doit,r'D:\Continental_Limnology\Data_Working\LAGOS_US_GIS_Data_v0.9.gdb\LAGOS_US_All_Lakes_1ha_points',,,,,,,,,,,,,,,,,,,,,,,,
zone,,,lake,N,polygon,,,,,,,lakes_doit,r'D:\Continental_Limnology\Data_Working\LAGOS_US_GIS_Data_v0.9.gdb\LAGOS_US_All_Lakes_1ha',,,,,,,,,,,,,,,,,,,,,,,,
zonal_stats,,,NA,,,tmax,annnorm8110,degc,datacoveragepct,,,zonal_attribution_of_raster_data,r'D:\Continental_Limnology\Data_Downloaded\PRISM_Climate\annual_normals\Pre-processed\PRISM_tmax_30yr_normal_4kmM2_annual_bil_albers.tif',,,,,,,,,,Y,Y,Y,Y,Y,Y,Y,Y,Y,Y,Y,,,,
zonal_stats,,,NA,,,ppt,annnorm8110,mmperyr,datacoveragepct,,,zonal_attribution_of_raster_data,r'D:\Continental_Limnology\Data_Downloaded\PRISM_Climate\annual_normals\Pre-processed\PRISM_ppt_30yr_normal_4kmM2_annual_bil_albers.tif',,,,,,,,,,Y,Y,Y,Y,Y,Y,Y,Y,Y,Y,Y,,,,
zonal_stats,,,NA,,,tmin,annnorm8110,degc,datacoveragepct,,,zonal_attribution_of_raster_data,r'D:\Continental_Limnology\Data_Downloaded\PRISM_Climate\annual_normals\Pre-processed\PRISM_tmin_30yr_normal_4kmM2_annual_bil_albers.tif',,,,,,,,,,Y,Y,Y,Y,Y,Y,Y,Y,Y,Y,Y,,,,
zonal_stats,,,NA,,,tmean,annnorm8110,degc,datacoveragepct,,,zonal_attribution_of_raster_data,r'D:\Continental_Limnology\Data_Downloaded\PRISM_Climate\annual_normals\Pre-processed\PRISM_tmean_30yr_normal_4kmM2_annual_bil_albers.tif',,,,,,,,,,Y,Y,Y,Y,Y,Y,Y,Y,Y,Y,Y,,,,
zonal_stats,,,NA,,,tmax,monthly,degc,year,month,datacoveragepct,zonal_attribution_of_raster_data,r'D:\Continental_Limnology\Data_Downloaded\PRISM_Climate\tmax\Pre-processed\PRISM_tmax_stable_4kmM3_yyyymm_bil_albers.tif',,,,,,,,,,Y,,,,,,,,,,,,,,
zonal_stats,,,NA,,,ppt,monthly,mmpermonth,year,month,datacoveragepct,zonal_attribution_of_raster_data,r'D:\Continental_Limnology\Data_Downloaded\PRISM_Climate\ppt\Pre-processed\PRISM_ppt_stable_4kmM2_yyyymm_bil_albers.tif',,,,,,,,,,Y,,,,,,,,,,,,,,
zonal_stats,,,NA,,,ppt,monthly,mmpermonth,year,month,datacoveragepct,zonal_attribution_of_raster_data,r'D:\Continental_Limnology\Data_Downloaded\PRISM_Climate\ppt\Pre-processed\PRISM_ppt_stable_4kmM3_yyyymm_bil_albers.tif',,,,,,,,,,Y,,,,,,,,,,,,,,
zonal_stats,,,NA,,,tmin,monthly,degc,year,month,datacoveragepct,zonal_attribution_of_raster_data,r'D:\Continental_Limnology\Data_Downloaded\PRISM_Climate\tmin\Pre-processed\PRISM_tmin_stable_4kmM3_yyyymm_bil_albers.tif',,,,,,,,,,Y,,,,,,,,,,,,,,
zonal_stats,,,NA,,,tmean,monthly,degc,year,month,datacoveragepct,zonal_attribution_of_raster_data,r'D:\Continental_Limnology\Data_Downloaded\PRISM_Climate\tmean\Pre-processed\PRISM_tmean_stable_4kmM3_yyyymm_bil_albers.tif',,,,,,,,,,Y,,,,,,,,,,,,,,
zonal_stats,,,NA,,,tmax,annnorm8110,degc,datacoveragepct,,,point_attribution_of_raster_data,r'D:\Continental_Limnology\Data_Downloaded\PRISM_Climate\annual_normals\Pre-processed\PRISM_tmax_30yr_normal_4kmM2_annual_bil_albers.tif',,,Y,,,,,,,,,,,,,,,,,,,,,
zonal_stats,,,NA,,,ppt,annnorm8110,mmperyr,datacoveragepct,,,point_attribution_of_raster_data,r'D:\Continental_Limnology\Data_Downloaded\PRISM_Climate\annual_normals\Pre-processed\PRISM_ppt_30yr_normal_4kmM2_annual_bil_albers.tif',,,Y,,,,,,,,,,,,,,,,,,,,,
zonal_stats,,,NA,,,tmin,annnorm8110,degc,datacoveragepct,,,point_attribution_of_raster_data,r'D:\Continental_Limnology\Data_Downloaded\PRISM_Climate\annual_normals\Pre-processed\PRISM_tmin_30yr_normal_4kmM2_annual_bil_albers.tif',,,Y,,,,,,,,,,,,,,,,,,,,,
zonal_stats,,,NA,,,tmean,annnorm8110,degc,datacoveragepct,,,point_attribution_of_raster_data,r'D:\Continental_Limnology\Data_Downloaded\PRISM_Climate\annual_normals\Pre-processed\PRISM_tmean_30yr_normal_4kmM2_annual_bil_albers.tif',,,Y,,,,,,,,,,,,,,,,,,,,,
zonal_stats,,,NA,,,tmax,monthly,degc,year,month,datacoveragepct,point_attribution_of_raster_data,r'D:\Continental_Limnology\Data_Downloaded\PRISM_Climate\tmax\Pre-processed\PRISM_tmax_stable_4kmM3_yyyymm_bil_albers.tif',,,Y,,,,,,,,,,,,,,,,,,,,,
zonal_stats,,,NA,,,ppt,monthly,mmpermonth,year,month,datacoveragepct,point_attribution_of_raster_data,r'D:\Continental_Limnology\Data_Downloaded\PRISM_Climate\ppt\Pre-processed\PRISM_ppt_stable_4kmM2_yyyymm_bil_albers.tif',,,Y,,,,,,,,,,,,,,,,,,,,,
zonal_stats,,,NA,,,ppt,monthly,mmpermonth,year,month,datacoveragepct,point_attribution_of_raster_data,r'D:\Continental_Limnology\Data_Downloaded\PRISM_Climate\ppt\Pre-processed\PRISM_ppt_stable_4kmM3_yyyymm_bil_albers.tif',,,Y,,,,,,,,,,,,,,,,,,,,,
zonal_stats,,,NA,,,tmin,monthly,degc,year,month,datacoveragepct,point_attribution_of_raster_data,r'D:\Continental_Limnology\Data_Downloaded\PRISM_Climate\tmin\Pre-processed\PRISM_tmin_stable_4kmM3_yyyymm_bil_albers.tif',,,Y,,,,,,,,,,,,,,,,,,,,,
zonal_stats,,,NA,,,tmean,monthly,degc,year,month,datacoveragepct,point_attribution_of_raster_data,r'D:\Continental_Limnology\Data_Downloaded\PRISM_Climate\tmean\Pre-processed\PRISM_tmean_stable_4kmM3_yyyymm_bil_albers.tif',,,Y,,,,,,,,,,,,,,,,,,,,,
zonal_stats,,,NA,,,baseflowindex,,pct,datacoveragepct,,,zonal_attribution_of_raster_data,r'F:\Continental_Limnology\Data_Reused_LAGOSNE\USGS_Groundwater\Pre-processed\bfi48grd',,,,,,,,,,Y,Y,Y,Y,Y,Y,Y,Y,Y,Y,Y,,,,
zonal_stats,,,NA,,,groundwaterrecharge,,mmperyr,datacoveragepct,,,zonal_attribution_of_raster_data,r'F:\Continental_Limnology\Data_Reused_LAGOSNE\USGS_Groundwater\Pre-processed\rech48grd',,,,,,,,,,Y,Y,Y,Y,Y,Y,Y,Y,Y,Y,Y,,,,
zonal_stats,,,NA,,,runoff,,inperyr,datacoveragepct,,,zonal_attribution_of_raster_data,r'F:\Continental_Limnology\Data_Reused_LAGOSNE\USGS_Groundwater\Pre-processed\usgs_runoff_topo2raster_adjusted.tif',,,,,,,,,,Y,Y,Y,Y,Y,Y,Y,Y,Y,Y,Y,,,,
zonal_stats,,,NA,,,satoverlandflow,,pct,datacoveragepct,,,zonal_attribution_of_raster_data,r'F:\Continental_Limnology\Data_Reused_LAGOSNE\USGS_Groundwater\Pre-processed\satof48_1000m.tif',,,,,,,,,,Y,Y,Y,Y,Y,Y,Y,Y,Y,Y,Y,,,,
composition,,,NA,,,landform,nodata,pct,datacoveragepct,,,zonal_attribution_of_raster_data,F:\Continental_Limnology\Data_Downloaded\Terrestrial_Ecosystems_Land_Surface_Forms\Pre-processed\landform.tif,0,,,,,Y,Y,,,Y,Y,Y,,,,,,,,,,,,
composition,,,NA,,,landform,flatplain,pct,datacoveragepct,,,zonal_attribution_of_raster_data,F:\Continental_Limnology\Data_Downloaded\Terrestrial_Ecosystems_Land_Surface_Forms\Pre-processed\landform.tif,1,,,,,Y,Y,,,Y,Y,Y,,,,,,,,,,,,
composition,,,NA,,,landform,smoothplain,pct,datacoveragepct,,,zonal_attribution_of_raster_data,F:\Continental_Limnology\Data_Downloaded\Terrestrial_Ecosystems_Land_Surface_Forms\Pre-processed\landform.tif,2,,,,,Y,Y,,,Y,Y,Y,,,,,,,,,,,,
composition,,,NA,,,landform,irregularplain,pct,datacoveragepct,,,zonal_attribution_of_raster_data,F:\Continental_Limnology\Data_Downloaded\Terrestrial_Ecosystems_Land_Surface_Forms\Pre-processed\landform.tif,3,,,,,Y,Y,,,Y,Y,Y,,,,,,,,,,,,
composition,,,NA,,,landform,escarpment,pct,datacoveragepct,,,zonal_attribution_of_raster_data,F:\Continental_Limnology\Data_Downloaded\Terrestrial_Ecosystems_Land_Surface_Forms\Pre-processed\landform.tif,4,,,,,Y,Y,,,Y,Y,Y,,,,,,,,,,,,
composition,,,NA,,,landform,lowhills,pct,datacoveragepct,,,zonal_attribution_of_raster_data,F:\Continental_Limnology\Data_Downloaded\Terrestrial_Ecosystems_Land_Surface_Forms\Pre-processed\landform.tif,5,,,,,Y,Y,,,Y,Y,Y,,,,,,,,,,,,
composition,,,NA,,,landform,hills,pct,datacoveragepct,,,zonal_attribution_of_raster_data,F:\Continental_Limnology\Data_Downloaded\Terrestrial_Ecosystems_Land_Surface_Forms\Pre-processed\landform.tif,6,,,,,Y,Y,,,Y,Y,Y,,,,,,,,,,,,
composition,,,NA,,,landform,breaksfoothills,pct,datacoveragepct,,,zonal_attribution_of_raster_data,F:\Continental_Limnology\Data_Downloaded\Terrestrial_Ecosystems_Land_Surface_Forms\Pre-processed\landform.tif,7,,,,,Y,Y,,,Y,Y,Y,,,,,,,,,,,,
composition,,,NA,,,landform,lowmountains,pct,datacoveragepct,,,zonal_attribution_of_raster_data,F:\Continental_Limnology\Data_Downloaded\Terrestrial_Ecosystems_Land_Surface_Forms\Pre-processed\landform.tif,8,,,,,Y,Y,,,Y,Y,Y,,,,,,,,,,,,
composition,,,NA,,,landform,highmountainscanyons,pct,datacoveragepct,,,zonal_attribution_of_raster_data,F:\Continental_Limnology\Data_Downloaded\Terrestrial_Ecosystems_Land_Surface_Forms\Pre-processed\landform.tif,9,,,,,Y,Y,,,Y,Y,Y,,,,,,,,,,,,
composition,,,NA,,,landform,drainagechannel,pct,datacoveragepct,,,zonal_attribution_of_raster_data,F:\Continental_Limnology\Data_Downloaded\Terrestrial_Ecosystems_Land_Surface_Forms\Pre-processed\landform.tif,10,,,,,Y,Y,,,Y,Y,Y,,,,,,,,,,,,
composition,,,NA,,,lith,carbonateresid,pct,datacoveragepct,,,zonal_attribution_of_raster_data,F:\Continental_Limnology\Data_Downloaded\Lithology\Pre-processed\lithology.tif,1,,,Y,Y,Y,Y,,,Y,Y,Y,Y,Y,Y,Y,Y,Y,Y,Y,,,,
composition,,,NA,,,lith,noncarbonateresid,pct,datacoveragepct,,,zonal_attribution_of_raster_data,F:\Continental_Limnology\Data_Downloaded\Lithology\Pre-processed\lithology.tif,3,,,Y,Y,Y,Y,,,Y,Y,Y,Y,Y,Y,Y,Y,Y,Y,Y,,,,
composition,,,NA,,,lith,alkalinevolcanic,pct,datacoveragepct,,,zonal_attribution_of_raster_data,F:\Continental_Limnology\Data_Downloaded\Lithology\Pre-processed\lithology.tif,4,,,Y,Y,Y,Y,,,Y,Y,Y,Y,Y,Y,Y,Y,Y,Y,Y,,,,
composition,,,NA,,,lith,silicicresid,pct,datacoveragepct,,,zonal_attribution_of_raster_data,F:\Continental_Limnology\Data_Downloaded\Lithology\Pre-processed\lithology.tif,5,,,Y,Y,Y,Y,,,Y,Y,Y,Y,Y,Y,Y,Y,Y,Y,Y,,,,
composition,,,NA,,,lith,extrusivevolcanic,pct,datacoveragepct,,,zonal_attribution_of_raster_data,F:\Continental_Limnology\Data_Downloaded\Lithology\Pre-processed\lithology.tif,7,,,Y,Y,Y,Y,,,Y,Y,Y,Y,Y,Y,Y,Y,Y,Y,Y,,,,
composition,,,NA,,,lith,colluvial,pct,datacoveragepct,,,zonal_attribution_of_raster_data,F:\Continental_Limnology\Data_Downloaded\Lithology\Pre-processed\lithology.tif,8,,,Y,Y,Y,Y,,,Y,Y,Y,Y,Y,Y,Y,Y,Y,Y,Y,,,,
composition,,,NA,,,lith,glacialtillclayey,pct,datacoveragepct,,,zonal_attribution_of_raster_data,F:\Continental_Limnology\Data_Downloaded\Lithology\Pre-processed\lithology.tif,9,,,Y,Y,Y,Y,,,Y,Y,Y,Y,Y,Y,Y,Y,Y,Y,Y,,,,
composition,,,NA,,,lith,glacialtillloamy,pct,datacoveragepct,,,zonal_attribution_of_raster_data,F:\Continental_Limnology\Data_Downloaded\Lithology\Pre-processed\lithology.tif,10,,,Y,Y,Y,Y,,,Y,Y,Y,Y,Y,Y,Y,Y,Y,Y,Y,,,,
composition,,,NA,,,lith,glacialtillcoarse,pct,datacoveragepct,,,zonal_attribution_of_raster_data,F:\Continental_Limnology\Data_Downloaded\Lithology\Pre-processed\lithology.tif,11,,,Y,Y,Y,Y,,,Y,Y,Y,Y,Y,Y,Y,Y,Y,Y,Y,,,,
composition,,,NA,,,lith,glacialoutwashcoarse12,pct,datacoveragepct,,,zonal_attribution_of_raster_data,F:\Continental_Limnology\Data_Downloaded\Lithology\Pre-processed\lithology.tif,12,,,Y,Y,Y,Y,,,Y,Y,Y,Y,Y,Y,Y,Y,Y,Y,Y,,,,
composition,,,NA,,,lith,glaciallakefine,pct,datacoveragepct,,,zonal_attribution_of_raster_data,F:\Continental_Limnology\Data_Downloaded\Lithology\Pre-processed\lithology.tif,13,,,Y,Y,Y,Y,,,Y,Y,Y,Y,Y,Y,Y,Y,Y,Y,Y,,,,
composition,,,NA,,,lith,glacialoutwashcoarse14,pct,datacoveragepct,,,zonal_attribution_of_raster_data,F:\Continental_Limnology\Data_Downloaded\Lithology\Pre-processed\lithology.tif,14,,,Y,Y,Y,Y,,,Y,Y,Y,Y,Y,Y,Y,Y,Y,Y,Y,,,,
composition,,,NA,,,lith,hydricpeatmuck,pct,datacoveragepct,,,zonal_attribution_of_raster_data,F:\Continental_Limnology\Data_Downloaded\Lithology\Pre-processed\lithology.tif,15,,,Y,Y,Y,Y,,,Y,Y,Y,Y,Y,Y,Y,Y,Y,Y,Y,,,,
composition,,,NA,,,lith,eoliancoarse,pct,datacoveragepct,,,zonal_attribution_of_raster_data,F:\Continental_Limnology\Data_Downloaded\Lithology\Pre-processed\lithology.tif,16,,,Y,Y,Y,Y,,,Y,Y,Y,Y,Y,Y,Y,Y,Y,Y,Y,,,,
composition,,,NA,,,lith,eolianfine,pct,datacoveragepct,,,zonal_attribution_of_raster_data,F:\Continental_Limnology\Data_Downloaded\Lithology\Pre-processed\lithology.tif,17,,,Y,Y,Y,Y,,,Y,Y,Y,Y,Y,Y,Y,Y,Y,Y,Y,,,,
composition,,,NA,,,lith,salinelake,pct,datacoveragepct,,,zonal_attribution_of_raster_data,F:\Continental_Limnology\Data_Downloaded\Lithology\Pre-processed\lithology.tif,18,,,Y,Y,Y,Y,,,Y,Y,Y,Y,Y,Y,Y,Y,Y,Y,Y,,,,
composition,,,NA,,,lith,alluviumcoastalfine,pct,datacoveragepct,,,zonal_attribution_of_raster_data,F:\Continental_Limnology\Data_Downloaded\Lithology\Pre-processed\lithology.tif,19,,,Y,Y,Y,Y,,,Y,Y,Y,Y,Y,Y,Y,Y,Y,Y,Y,,,,
composition,,,NA,,,lith,coastalzonecoarse,pct,datacoveragepct,,,zonal_attribution_of_raster_data,F:\Continental_Limnology\Data_Downloaded\Lithology\Pre-processed\lithology.tif,20,,,Y,Y,Y,Y,,,Y,Y,Y,Y,Y,Y,Y,Y,Y,Y,Y,,,,
composition,,,NA,,,lith,water,pct,datacoveragepct,,,zonal_attribution_of_raster_data,F:\Continental_Limnology\Data_Downloaded\Lithology\Pre-processed\lithology.tif,22,,,Y,Y,Y,Y,,,Y,Y,Y,Y,Y,Y,Y,Y,Y,Y,Y,,,,
composition,,,NA,,,lith,nodata,pct,datacoveragepct,,,zonal_attribution_of_raster_data,F:\Continental_Limnology\Data_Downloaded\Lithology\Pre-processed\lithology.tif,0,,,Y,Y,Y,Y,,,Y,Y,Y,Y,Y,Y,Y,Y,Y,Y,Y,,,,
composition,,,NA,,,nlcd2001,nodata0,pct,datacoveragepct,,,zonal_attribution_of_raster_data,F:\Continental_Limnology\Data_Downloaded\NLCD\Pre-processed\NLCD_2001_Land_Cover_L48_20190424.tif,0,,,Y,Y,Y,Y,,,Y,Y,Y,Y,Y,Y,Y,Y,Y,Y,Y,,,,
composition,,,NA,,,nlcd2001,openwater11,pct,datacoveragepct,,,zonal_attribution_of_raster_data,F:\Continental_Limnology\Data_Downloaded\NLCD\Pre-processed\NLCD_2001_Land_Cover_L48_20190424.tif,11,,,Y,Y,Y,Y,,,Y,Y,Y,Y,Y,Y,Y,Y,Y,Y,Y,,,,
composition,,,NA,,,nlcd2001,icesnow12,pct,datacoveragepct,,,zonal_attribution_of_raster_data,F:\Continental_Limnology\Data_Downloaded\NLCD\Pre-processed\NLCD_2001_Land_Cover_L48_20190424.tif,12,,,Y,Y,Y,Y,,,Y,Y,Y,Y,Y,Y,Y,Y,Y,Y,Y,,,,
composition,,,NA,,,nlcd2001,devopen21,pct,datacoveragepct,,,zonal_attribution_of_raster_data,F:\Continental_Limnology\Data_Downloaded\NLCD\Pre-processed\NLCD_2001_Land_Cover_L48_20190424.tif,21,,,Y,Y,Y,Y,,,Y,Y,Y,Y,Y,Y,Y,Y,Y,Y,Y,,,,
composition,,,NA,,,nlcd2001,devlow22,pct,datacoveragepct,,,zonal_attribution_of_raster_data,F:\Continental_Limnology\Data_Downloaded\NLCD\Pre-processed\NLCD_2001_Land_Cover_L48_20190424.tif,22,,,Y,Y,Y,Y,,,Y,Y,Y,Y,Y,Y,Y,Y,Y,Y,Y,,,,
composition,,,NA,,,nlcd2001,devmed23,pct,datacoveragepct,,,zonal_attribution_of_raster_data,F:\Continental_Limnology\Data_Downloaded\NLCD\Pre-processed\NLCD_2001_Land_Cover_L48_20190424.tif,23,,,Y,Y,Y,Y,,,Y,Y,Y,Y,Y,Y,Y,Y,Y,Y,Y,,,,
composition,,,NA,,,nlcd2001,devhi24,pct,datacoveragepct,,,zonal_attribution_of_raster_data,F:\Continental_Limnology\Data_Downloaded\NLCD\Pre-processed\NLCD_2001_Land_Cover_L48_20190424.tif,24,,,Y,Y,Y,Y,,,Y,Y,Y,Y,Y,Y,Y,Y,Y,Y,Y,,,,
composition,,,NA,,,nlcd2001,barren31,pct,datacoveragepct,,,zonal_attribution_of_raster_data,F:\Continental_Limnology\Data_Downloaded\NLCD\Pre-processed\NLCD_2001_Land_Cover_L48_20190424.tif,31,,,Y,Y,Y,Y,,,Y,Y,Y,Y,Y,Y,Y,Y,Y,Y,Y,,,,
composition,,,NA,,,nlcd2001,fordec41,pct,datacoveragepct,,,zonal_attribution_of_raster_data,F:\Continental_Limnology\Data_Downloaded\NLCD\Pre-processed\NLCD_2001_Land_Cover_L48_20190424.tif,41,,,Y,Y,Y,Y,,,Y,Y,Y,Y,Y,Y,Y,Y,Y,Y,Y,,,,
composition,,,NA,,,nlcd2001,forcon42,pct,datacoveragepct,,,zonal_attribution_of_raster_data,F:\Continental_Limnology\Data_Downloaded\NLCD\Pre-processed\NLCD_2001_Land_Cover_L48_20190424.tif,42,,,Y,Y,Y,Y,,,Y,Y,Y,Y,Y,Y,Y,Y,Y,Y,Y,,,,
composition,,,NA,,,nlcd2001,formix43,pct,datacoveragepct,,,zonal_attribution_of_raster_data,F:\Continental_Limnology\Data_Downloaded\NLCD\Pre-processed\NLCD_2001_Land_Cover_L48_20190424.tif,43,,,Y,Y,Y,Y,,,Y,Y,Y,Y,Y,Y,Y,Y,Y,Y,Y,,,,
composition,,,NA,,,nlcd2001,shrub52,pct,datacoveragepct,,,zonal_attribution_of_raster_data,F:\Continental_Limnology\Data_Downloaded\NLCD\Pre-processed\NLCD_2001_Land_Cover_L48_20190424.tif,52,,,Y,Y,Y,Y,,,Y,Y,Y,Y,Y,Y,Y,Y,Y,Y,Y,,,,
composition,,,NA,,,nlcd2001,grass71,pct,datacoveragepct,,,zonal_attribution_of_raster_data,F:\Continental_Limnology\Data_Downloaded\NLCD\Pre-processed\NLCD_2001_Land_Cover_L48_20190424.tif,71,,,Y,Y,Y,Y,,,Y,Y,Y,Y,Y,Y,Y,Y,Y,Y,Y,,,,
composition,,,NA,,,nlcd2001,past81,pct,datacoveragepct,,,zonal_attribution_of_raster_data,F:\Continental_Limnology\Data_Downloaded\NLCD\Pre-processed\NLCD_2001_Land_Cover_L48_20190424.tif,81,,,Y,Y,Y,Y,,,Y,Y,Y,Y,Y,Y,Y,Y,Y,Y,Y,,,,
composition,,,NA,,,nlcd2001,cultcrop82,pct,datacoveragepct,,,zonal_attribution_of_raster_data,F:\Continental_Limnology\Data_Downloaded\NLCD\Pre-processed\NLCD_2001_Land_Cover_L48_20190424.tif,82,,,Y,Y,Y,Y,,,Y,Y,Y,Y,Y,Y,Y,Y,Y,Y,Y,,,,
composition,,,NA,,,nlcd2001,wetwood90,pct,datacoveragepct,,,zonal_attribution_of_raster_data,F:\Continental_Limnology\Data_Downloaded\NLCD\Pre-processed\NLCD_2001_Land_Cover_L48_20190424.tif,90,,,Y,Y,Y,Y,,,Y,Y,Y,Y,Y,Y,Y,Y,Y,Y,Y,,,,
composition,,,NA,,,nlcd2001,wetemerg95,pct,datacoveragepct,,,zonal_attribution_of_raster_data,F:\Continental_Limnology\Data_Downloaded\NLCD\Pre-processed\NLCD_2001_Land_Cover_L48_20190424.tif,95,,,Y,Y,Y,Y,,,Y,Y,Y,Y,Y,Y,Y,Y,Y,Y,Y,,,,
composition,,,NA,,,nlcd2004,nodata0,pct,datacoveragepct,,,zonal_attribution_of_raster_data,F:\Continental_Limnology\Data_Downloaded\NLCD\Pre-processed\NLCD_2004_Land_Cover_L48_20190424.tif,0,,,Y,Y,Y,Y,,,Y,Y,Y,Y,Y,Y,Y,Y,Y,Y,Y,,,,
composition,,,NA,,,nlcd2004,openwater11,pct,datacoveragepct,,,zonal_attribution_of_raster_data,F:\Continental_Limnology\Data_Downloaded\NLCD\Pre-processed\NLCD_2004_Land_Cover_L48_20190424.tif,11,,,Y,Y,Y,Y,,,Y,Y,Y,Y,Y,Y,Y,Y,Y,Y,Y,,,,
composition,,,NA,,,nlcd2004,icesnow12,pct,datacoveragepct,,,zonal_attribution_of_raster_data,F:\Continental_Limnology\Data_Downloaded\NLCD\Pre-processed\NLCD_2004_Land_Cover_L48_20190424.tif,12,,,Y,Y,Y,Y,,,Y,Y,Y,Y,Y,Y,Y,Y,Y,Y,Y,,,,
composition,,,NA,,,nlcd2004,devopen21,pct,datacoveragepct,,,zonal_attribution_of_raster_data,F:\Continental_Limnology\Data_Downloaded\NLCD\Pre-processed\NLCD_2004_Land_Cover_L48_20190424.tif,21,,,Y,Y,Y,Y,,,Y,Y,Y,Y,Y,Y,Y,Y,Y,Y,Y,,,,
composition,,,NA,,,nlcd2004,devlow22,pct,datacoveragepct,,,zonal_attribution_of_raster_data,F:\Continental_Limnology\Data_Downloaded\NLCD\Pre-processed\NLCD_2004_Land_Cover_L48_20190424.tif,22,,,Y,Y,Y,Y,,,Y,Y,Y,Y,Y,Y,Y,Y,Y,Y,Y,,,,
composition,,,NA,,,nlcd2004,devmed23,pct,datacoveragepct,,,zonal_attribution_of_raster_data,F:\Continental_Limnology\Data_Downloaded\NLCD\Pre-processed\NLCD_2004_Land_Cover_L48_20190424.tif,23,,,Y,Y,Y,Y,,,Y,Y,Y,Y,Y,Y,Y,Y,Y,Y,Y,,,,
composition,,,NA,,,nlcd2004,devhi24,pct,datacoveragepct,,,zonal_attribution_of_raster_data,F:\Continental_Limnology\Data_Downloaded\NLCD\Pre-processed\NLCD_2004_Land_Cover_L48_20190424.tif,24,,,Y,Y,Y,Y,,,Y,Y,Y,Y,Y,Y,Y,Y,Y,Y,Y,,,,
composition,,,NA,,,nlcd2004,barren31,pct,datacoveragepct,,,zonal_attribution_of_raster_data,F:\Continental_Limnology\Data_Downloaded\NLCD\Pre-processed\NLCD_2004_Land_Cover_L48_20190424.tif,31,,,Y,Y,Y,Y,,,Y,Y,Y,Y,Y,Y,Y,Y,Y,Y,Y,,,,
composition,,,NA,,,nlcd2004,fordec41,pct,datacoveragepct,,,zonal_attribution_of_raster_data,F:\Continental_Limnology\Data_Downloaded\NLCD\Pre-processed\NLCD_2004_Land_Cover_L48_20190424.tif,41,,,Y,Y,Y,Y,,,Y,Y,Y,Y,Y,Y,Y,Y,Y,Y,Y,,,,
composition,,,NA,,,nlcd2004,forcon42,pct,datacoveragepct,,,zonal_attribution_of_raster_data,F:\Continental_Limnology\Data_Downloaded\NLCD\Pre-processed\NLCD_2004_Land_Cover_L48_20190424.tif,42,,,Y,Y,Y,Y,,,Y,Y,Y,Y,Y,Y,Y,Y,Y,Y,Y,,,,
composition,,,NA,,,nlcd2004,formix43,pct,datacoveragepct,,,zonal_attribution_of_raster_data,F:\Continental_Limnology\Data_Downloaded\NLCD\Pre-processed\NLCD_2004_Land_Cover_L48_20190424.tif,43,,,Y,Y,Y,Y,,,Y,Y,Y,Y,Y,Y,Y,Y,Y,Y,Y,,,,
composition,,,NA,,,nlcd2004,shrub52,pct,datacoveragepct,,,zonal_attribution_of_raster_data,F:\Continental_Limnology\Data_Downloaded\NLCD\Pre-processed\NLCD_2004_Land_Cover_L48_20190424.tif,52,,,Y,Y,Y,Y,,,Y,Y,Y,Y,Y,Y,Y,Y,Y,Y,Y,,,,
composition,,,NA,,,nlcd2004,grass71,pct,datacoveragepct,,,zonal_attribution_of_raster_data,F:\Continental_Limnology\Data_Downloaded\NLCD\Pre-processed\NLCD_2004_Land_Cover_L48_20190424.tif,71,,,Y,Y,Y,Y,,,Y,Y,Y,Y,Y,Y,Y,Y,Y,Y,Y,,,,
composition,,,NA,,,nlcd2004,past81,pct,datacoveragepct,,,zonal_attribution_of_raster_data,F:\Continental_Limnology\Data_Downloaded\NLCD\Pre-processed\NLCD_2004_Land_Cover_L48_20190424.tif,81,,,Y,Y,Y,Y,,,Y,Y,Y,Y,Y,Y,Y,Y,Y,Y,Y,,,,
composition,,,NA,,,nlcd2004,cultcrop82,pct,datacoveragepct,,,zonal_attribution_of_raster_data,F:\Continental_Limnology\Data_Downloaded\NLCD\Pre-processed\NLCD_2004_Land_Cover_L48_20190424.tif,82,,,Y,Y,Y,Y,,,Y,Y,Y,Y,Y,Y,Y,Y,Y,Y,Y,,,,
composition,,,NA,,,nlcd2004,wetwood90,pct,datacoveragepct,,,zonal_attribution_of_raster_data,F:\Continental_Limnology\Data_Downloaded\NLCD\Pre-processed\NLCD_2004_Land_Cover_L48_20190424.tif,90,,,Y,Y,Y,Y,,,Y,Y,Y,Y,Y,Y,Y,Y,Y,Y,Y,,,,
composition,,,NA,,,nlcd2004,wetemerg95,pct,datacoveragepct,,,zonal_attribution_of_raster_data,F:\Continental_Limnology\Data_Downloaded\NLCD\Pre-processed\NLCD_2004_Land_Cover_L48_20190424.tif,95,,,Y,Y,Y,Y,,,Y,Y,Y,Y,Y,Y,Y,Y,Y,Y,Y,,,,
composition,,,NA,,,nlcd2006,nodata0,pct,datacoveragepct,,,zonal_attribution_of_raster_data,F:\Continental_Limnology\Data_Downloaded\NLCD\Pre-processed\NLCD_2006_Land_Cover_L48_20190424.tif,0,,,Y,Y,Y,Y,,,Y,Y,Y,Y,Y,Y,Y,Y,Y,Y,Y,,,,
composition,,,NA,,,nlcd2006,openwater11,pct,datacoveragepct,,,zonal_attribution_of_raster_data,F:\Continental_Limnology\Data_Downloaded\NLCD\Pre-processed\NLCD_2006_Land_Cover_L48_20190424.tif,11,,,Y,Y,Y,Y,,,Y,Y,Y,Y,Y,Y,Y,Y,Y,Y,Y,,,,
composition,,,NA,,,nlcd2006,icesnow12,pct,datacoveragepct,,,zonal_attribution_of_raster_data,F:\Continental_Limnology\Data_Downloaded\NLCD\Pre-processed\NLCD_2006_Land_Cover_L48_20190424.tif,12,,,Y,Y,Y,Y,,,Y,Y,Y,Y,Y,Y,Y,Y,Y,Y,Y,,,,
composition,,,NA,,,nlcd2006,devopen21,pct,datacoveragepct,,,zonal_attribution_of_raster_data,F:\Continental_Limnology\Data_Downloaded\NLCD\Pre-processed\NLCD_2006_Land_Cover_L48_20190424.tif,21,,,Y,Y,Y,Y,,,Y,Y,Y,Y,Y,Y,Y,Y,Y,Y,Y,,,,
composition,,,NA,,,nlcd2006,devlow22,pct,datacoveragepct,,,zonal_attribution_of_raster_data,F:\Continental_Limnology\Data_Downloaded\NLCD\Pre-processed\NLCD_2006_Land_Cover_L48_20190424.tif,22,,,Y,Y,Y,Y,,,Y,Y,Y,Y,Y,Y,Y,Y,Y,Y,Y,,,,
composition,,,NA,,,nlcd2006,devmed23,pct,datacoveragepct,,,zonal_attribution_of_raster_data,F:\Continental_Limnology\Data_Downloaded\NLCD\Pre-processed\NLCD_2006_Land_Cover_L48_20190424.tif,23,,,Y,Y,Y,Y,,,Y,Y,Y,Y,Y,Y,Y,Y,Y,Y,Y,,,,
composition,,,NA,,,nlcd2006,devhi24,pct,datacoveragepct,,,zonal_attribution_of_raster_data,F:\Continental_Limnology\Data_Downloaded\NLCD\Pre-processed\NLCD_2006_Land_Cover_L48_20190424.tif,24,,,Y,Y,Y,Y,,,Y,Y,Y,Y,Y,Y,Y,Y,Y,Y,Y,,,,
composition,,,NA,,,nlcd2006,barren31,pct,datacoveragepct,,,zonal_attribution_of_raster_data,F:\Continental_Limnology\Data_Downloaded\NLCD\Pre-processed\NLCD_2006_Land_Cover_L48_20190424.tif,31,,,Y,Y,Y,Y,,,Y,Y,Y,Y,Y,Y,Y,Y,Y,Y,Y,,,,
composition,,,NA,,,nlcd2006,fordec41,pct,datacoveragepct,,,zonal_attribution_of_raster_data,F:\Continental_Limnology\Data_Downloaded\NLCD\Pre-processed\NLCD_2006_Land_Cover_L48_20190424.tif,41,,,Y,Y,Y,Y,,,Y,Y,Y,Y,Y,Y,Y,Y,Y,Y,Y,,,,
composition,,,NA,,,nlcd2006,forcon42,pct,datacoveragepct,,,zonal_attribution_of_raster_data,F:\Continental_Limnology\Data_Downloaded\NLCD\Pre-processed\NLCD_2006_Land_Cover_L48_20190424.tif,42,,,Y,Y,Y,Y,,,Y,Y,Y,Y,Y,Y,Y,Y,Y,Y,Y,,,,
composition,,,NA,,,nlcd2006,formix43,pct,datacoveragepct,,,zonal_attribution_of_raster_data,F:\Continental_Limnology\Data_Downloaded\NLCD\Pre-processed\NLCD_2006_Land_Cover_L48_20190424.tif,43,,,Y,Y,Y,Y,,,Y,Y,Y,Y,Y,Y,Y,Y,Y,Y,Y,,,,
composition,,,NA,,,nlcd2006,shrub52,pct,datacoveragepct,,,zonal_attribution_of_raster_data,F:\Continental_Limnology\Data_Downloaded\NLCD\Pre-processed\NLCD_2006_Land_Cover_L48_20190424.tif,52,,,Y,Y,Y,Y,,,Y,Y,Y,Y,Y,Y,Y,Y,Y,Y,Y,,,,
composition,,,NA,,,nlcd2006,grass71,pct,datacoveragepct,,,zonal_attribution_of_raster_data,F:\Continental_Limnology\Data_Downloaded\NLCD\Pre-processed\NLCD_2006_Land_Cover_L48_20190424.tif,71,,,Y,Y,Y,Y,,,Y,Y,Y,Y,Y,Y,Y,Y,Y,Y,Y,,,,
composition,,,NA,,,nlcd2006,past81,pct,datacoveragepct,,,zonal_attribution_of_raster_data,F:\Continental_Limnology\Data_Downloaded\NLCD\Pre-processed\NLCD_2006_Land_Cover_L48_20190424.tif,81,,,Y,Y,Y,Y,,,Y,Y,Y,Y,Y,Y,Y,Y,Y,Y,Y,,,,
composition,,,NA,,,nlcd2006,cultcrop82,pct,datacoveragepct,,,zonal_attribution_of_raster_data,F:\Continental_Limnology\Data_Downloaded\NLCD\Pre-processed\NLCD_2006_Land_Cover_L48_20190424.tif,82,,,Y,Y,Y,Y,,,Y,Y,Y,Y,Y,Y,Y,Y,Y,Y,Y,,,,
composition,,,NA,,,nlcd2006,wetwood90,pct,datacoveragepct,,,zonal_attribution_of_raster_data,F:\Continental_Limnology\Data_Downloaded\NLCD\Pre-processed\NLCD_2006_Land_Cover_L48_20190424.tif,90,,,Y,Y,Y,Y,,,Y,Y,Y,Y,Y,Y,Y,Y,Y,Y,Y,,,,
composition,,,NA,,,nlcd2006,wetemerg95,pct,datacoveragepct,,,zonal_attribution_of_raster_data,F:\Continental_Limnology\Data_Downloaded\NLCD\Pre-processed\NLCD_2006_Land_Cover_L48_20190424.tif,95,,,Y,Y,Y,Y,,,Y,Y,Y,Y,Y,Y,Y,Y,Y,Y,Y,,,,
composition,,,NA,,,nlcd2008,nodata0,pct,datacoveragepct,,,zonal_attribution_of_raster_data,F:\Continental_Limnology\Data_Downloaded\NLCD\Pre-processed\NLCD_2008_Land_Cover_L48_20190424.tif,0,,,Y,Y,Y,Y,,,Y,Y,Y,Y,Y,Y,Y,Y,Y,Y,Y,,,,
composition,,,NA,,,nlcd2008,openwater11,pct,datacoveragepct,,,zonal_attribution_of_raster_data,F:\Continental_Limnology\Data_Downloaded\NLCD\Pre-processed\NLCD_2008_Land_Cover_L48_20190424.tif,11,,,Y,Y,Y,Y,,,Y,Y,Y,Y,Y,Y,Y,Y,Y,Y,Y,,,,
composition,,,NA,,,nlcd2008,icesnow12,pct,datacoveragepct,,,zonal_attribution_of_raster_data,F:\Continental_Limnology\Data_Downloaded\NLCD\Pre-processed\NLCD_2008_Land_Cover_L48_20190424.tif,12,,,Y,Y,Y,Y,,,Y,Y,Y,Y,Y,Y,Y,Y,Y,Y,Y,,,,
composition,,,NA,,,nlcd2008,devopen21,pct,datacoveragepct,,,zonal_attribution_of_raster_data,F:\Continental_Limnology\Data_Downloaded\NLCD\Pre-processed\NLCD_2008_Land_Cover_L48_20190424.tif,21,,,Y,Y,Y,Y,,,Y,Y,Y,Y,Y,Y,Y,Y,Y,Y,Y,,,,
composition,,,NA,,,nlcd2008,devlow22,pct,datacoveragepct,,,zonal_attribution_of_raster_data,F:\Continental_Limnology\Data_Downloaded\NLCD\Pre-processed\NLCD_2008_Land_Cover_L48_20190424.tif,22,,,Y,Y,Y,Y,,,Y,Y,Y,Y,Y,Y,Y,Y,Y,Y,Y,,,,
composition,,,NA,,,nlcd2008,devmed23,pct,datacoveragepct,,,zonal_attribution_of_raster_data,F:\Continental_Limnology\Data_Downloaded\NLCD\Pre-processed\NLCD_2008_Land_Cover_L48_20190424.tif,23,,,Y,Y,Y,Y,,,Y,Y,Y,Y,Y,Y,Y,Y,Y,Y,Y,,,,
composition,,,NA,,,nlcd2008,devhi24,pct,datacoveragepct,,,zonal_attribution_of_raster_data,F:\Continental_Limnology\Data_Downloaded\NLCD\Pre-processed\NLCD_2008_Land_Cover_L48_20190424.tif,24,,,Y,Y,Y,Y,,,Y,Y,Y,Y,Y,Y,Y,Y,Y,Y,Y,,,,
composition,,,NA,,,nlcd2008,barren31,pct,datacoveragepct,,,zonal_attribution_of_raster_data,F:\Continental_Limnology\Data_Downloaded\NLCD\Pre-processed\NLCD_2008_Land_Cover_L48_20190424.tif,31,,,Y,Y,Y,Y,,,Y,Y,Y,Y,Y,Y,Y,Y,Y,Y,Y,,,,
composition,,,NA,,,nlcd2008,fordec41,pct,datacoveragepct,,,zonal_attribution_of_raster_data,F:\Continental_Limnology\Data_Downloaded\NLCD\Pre-processed\NLCD_2008_Land_Cover_L48_20190424.tif,41,,,Y,Y,Y,Y,,,Y,Y,Y,Y,Y,Y,Y,Y,Y,Y,Y,,,,
composition,,,NA,,,nlcd2008,forcon42,pct,datacoveragepct,,,zonal_attribution_of_raster_data,F:\Continental_Limnology\Data_Downloaded\NLCD\Pre-processed\NLCD_2008_Land_Cover_L48_20190424.tif,42,,,Y,Y,Y,Y,,,Y,Y,Y,Y,Y,Y,Y,Y,Y,Y,Y,,,,
composition,,,NA,,,nlcd2008,formix43,pct,datacoveragepct,,,zonal_attribution_of_raster_data,F:\Continental_Limnology\Data_Downloaded\NLCD\Pre-processed\NLCD_2008_Land_Cover_L48_20190424.tif,43,,,Y,Y,Y,Y,,,Y,Y,Y,Y,Y,Y,Y,Y,Y,Y,Y,,,,
composition,,,NA,,,nlcd2008,shrub52,pct,datacoveragepct,,,zonal_attribution_of_raster_data,F:\Continental_Limnology\Data_Downloaded\NLCD\Pre-processed\NLCD_2008_Land_Cover_L48_20190424.tif,52,,,Y,Y,Y,Y,,,Y,Y,Y,Y,Y,Y,Y,Y,Y,Y,Y,,,,
composition,,,NA,,,nlcd2008,grass71,pct,datacoveragepct,,,zonal_attribution_of_raster_data,F:\Continental_Limnology\Data_Downloaded\NLCD\Pre-processed\NLCD_2008_Land_Cover_L48_20190424.tif,71,,,Y,Y,Y,Y,,,Y,Y,Y,Y,Y,Y,Y,Y,Y,Y,Y,,,,
composition,,,NA,,,nlcd2008,past81,pct,datacoveragepct,,,zonal_attribution_of_raster_data,F:\Continental_Limnology\Data_Downloaded\NLCD\Pre-processed\NLCD_2008_Land_Cover_L48_20190424.tif,81,,,Y,Y,Y,Y,,,Y,Y,Y,Y,Y,Y,Y,Y,Y,Y,Y,,,,
composition,,,NA,,,nlcd2008,cultcrop82,pct,datacoveragepct,,,zonal_attribution_of_raster_data,F:\Continental_Limnology\Data_Downloaded\NLCD\Pre-processed\NLCD_2008_Land_Cover_L48_20190424.tif,82,,,Y,Y,Y,Y,,,Y,Y,Y,Y,Y,Y,Y,Y,Y,Y,Y,,,,
composition,,,NA,,,nlcd2008,wetwood90,pct,datacoveragepct,,,zonal_attribution_of_raster_data,F:\Continental_Limnology\Data_Downloaded\NLCD\Pre-processed\NLCD_2008_Land_Cover_L48_20190424.tif,90,,,Y,Y,Y,Y,,,Y,Y,Y,Y,Y,Y,Y,Y,Y,Y,Y,,,,
composition,,,NA,,,nlcd2008,wetemerg95,pct,datacoveragepct,,,zonal_attribution_of_raster_data,F:\Continental_Limnology\Data_Downloaded\NLCD\Pre-processed\NLCD_2008_Land_Cover_L48_20190424.tif,95,,,Y,Y,Y,Y,,,Y,Y,Y,Y,Y,Y,Y,Y,Y,Y,Y,,,,
composition,,,NA,,,nlcd2011,nodata0,pct,datacoveragepct,,,zonal_attribution_of_raster_data,F:\Continental_Limnology\Data_Downloaded\NLCD\Pre-processed\NLCD_2011_Land_Cover_L48_20190424.tif,0,,,Y,Y,Y,Y,,,Y,Y,Y,Y,Y,Y,Y,Y,Y,Y,Y,,,,
composition,,,NA,,,nlcd2011,openwater11,pct,datacoveragepct,,,zonal_attribution_of_raster_data,F:\Continental_Limnology\Data_Downloaded\NLCD\Pre-processed\NLCD_2011_Land_Cover_L48_20190424.tif,11,,,Y,Y,Y,Y,,,Y,Y,Y,Y,Y,Y,Y,Y,Y,Y,Y,,,,
composition,,,NA,,,nlcd2011,icesnow12,pct,datacoveragepct,,,zonal_attribution_of_raster_data,F:\Continental_Limnology\Data_Downloaded\NLCD\Pre-processed\NLCD_2011_Land_Cover_L48_20190424.tif,12,,,Y,Y,Y,Y,,,Y,Y,Y,Y,Y,Y,Y,Y,Y,Y,Y,,,,
composition,,,NA,,,nlcd2011,devopen21,pct,datacoveragepct,,,zonal_attribution_of_raster_data,F:\Continental_Limnology\Data_Downloaded\NLCD\Pre-processed\NLCD_2011_Land_Cover_L48_20190424.tif,21,,,Y,Y,Y,Y,,,Y,Y,Y,Y,Y,Y,Y,Y,Y,Y,Y,,,,
composition,,,NA,,,nlcd2011,devlow22,pct,datacoveragepct,,,zonal_attribution_of_raster_data,F:\Continental_Limnology\Data_Downloaded\NLCD\Pre-processed\NLCD_2011_Land_Cover_L48_20190424.tif,22,,,Y,Y,Y,Y,,,Y,Y,Y,Y,Y,Y,Y,Y,Y,Y,Y,,,,
composition,,,NA,,,nlcd2011,devmed23,pct,datacoveragepct,,,zonal_attribution_of_raster_data,F:\Continental_Limnology\Data_Downloaded\NLCD\Pre-processed\NLCD_2011_Land_Cover_L48_20190424.tif,23,,,Y,Y,Y,Y,,,Y,Y,Y,Y,Y,Y,Y,Y,Y,Y,Y,,,,
composition,,,NA,,,nlcd2011,devhi24,pct,datacoveragepct,,,zonal_attribution_of_raster_data,F:\Continental_Limnology\Data_Downloaded\NLCD\Pre-processed\NLCD_2011_Land_Cover_L48_20190424.tif,24,,,Y,Y,Y,Y,,,Y,Y,Y,Y,Y,Y,Y,Y,Y,Y,Y,,,,
composition,,,NA,,,nlcd2011,barren31,pct,datacoveragepct,,,zonal_attribution_of_raster_data,F:\Continental_Limnology\Data_Downloaded\NLCD\Pre-processed\NLCD_2011_Land_Cover_L48_20190424.tif,31,,,Y,Y,Y,Y,,,Y,Y,Y,Y,Y,Y,Y,Y,Y,Y,Y,,,,
composition,,,NA,,,nlcd2011,fordec41,pct,datacoveragepct,,,zonal_attribution_of_raster_data,F:\Continental_Limnology\Data_Downloaded\NLCD\Pre-processed\NLCD_2011_Land_Cover_L48_20190424.tif,41,,,Y,Y,Y,Y,,,Y,Y,Y,Y,Y,Y,Y,Y,Y,Y,Y,,,,
composition,,,NA,,,nlcd2011,forcon42,pct,datacoveragepct,,,zonal_attribution_of_raster_data,F:\Continental_Limnology\Data_Downloaded\NLCD\Pre-processed\NLCD_2011_Land_Cover_L48_20190424.tif,42,,,Y,Y,Y,Y,,,Y,Y,Y,Y,Y,Y,Y,Y,Y,Y,Y,,,,
composition,,,NA,,,nlcd2011,formix43,pct,datacoveragepct,,,zonal_attribution_of_raster_data,F:\Continental_Limnology\Data_Downloaded\NLCD\Pre-processed\NLCD_2011_Land_Cover_L48_20190424.tif,43,,,Y,Y,Y,Y,,,Y,Y,Y,Y,Y,Y,Y,Y,Y,Y,Y,,,,
composition,,,NA,,,nlcd2011,shrub52,pct,datacoveragepct,,,zonal_attribution_of_raster_data,F:\Continental_Limnology\Data_Downloaded\NLCD\Pre-processed\NLCD_2011_Land_Cover_L48_20190424.tif,52,,,Y,Y,Y,Y,,,Y,Y,Y,Y,Y,Y,Y,Y,Y,Y,Y,,,,
composition,,,NA,,,nlcd2011,grass71,pct,datacoveragepct,,,zonal_attribution_of_raster_data,F:\Continental_Limnology\Data_Downloaded\NLCD\Pre-processed\NLCD_2011_Land_Cover_L48_20190424.tif,71,,,Y,Y,Y,Y,,,Y,Y,Y,Y,Y,Y,Y,Y,Y,Y,Y,,,,
composition,,,NA,,,nlcd2011,past81,pct,datacoveragepct,,,zonal_attribution_of_raster_data,F:\Continental_Limnology\Data_Downloaded\NLCD\Pre-processed\NLCD_2011_Land_Cover_L48_20190424.tif,81,,,Y,Y,Y,Y,,,Y,Y,Y,Y,Y,Y,Y,Y,Y,Y,Y,,,,
composition,,,NA,,,nlcd2011,cultcrop82,pct,datacoveragepct,,,zonal_attribution_of_raster_data,F:\Continental_Limnology\Data_Downloaded\NLCD\Pre-processed\NLCD_2011_Land_Cover_L48_20190424.tif,82,,,Y,Y,Y,Y,,,Y,Y,Y,Y,Y,Y,Y,Y,Y,Y,Y,,,,
composition,,,NA,,,nlcd2011,wetwood90,pct,datacoveragepct,,,zonal_attribution_of_raster_data,F:\Continental_Limnology\Data_Downloaded\NLCD\Pre-processed\NLCD_2011_Land_Cover_L48_20190424.tif,90,,,Y,Y,Y,Y,,,Y,Y,Y,Y,Y,Y,Y,Y,Y,Y,Y,,,,
composition,,,NA,,,nlcd2011,wetemerg95,pct,datacoveragepct,,,zonal_attribution_of_raster_data,F:\Continental_Limnology\Data_Downloaded\NLCD\Pre-processed\NLCD_2011_Land_Cover_L48_20190424.tif,95,,,Y,Y,Y,Y,,,Y,Y,Y,Y,Y,Y,Y,Y,Y,Y,Y,,,,
composition,,,NA,,,nlcd2013,nodata0,pct,datacoveragepct,,,zonal_attribution_of_raster_data,F:\Continental_Limnology\Data_Downloaded\NLCD\Pre-processed\NLCD_2013_Land_Cover_L48_20190424.tif,0,,,Y,Y,Y,Y,,,Y,Y,Y,Y,Y,Y,Y,Y,Y,Y,Y,,,,
composition,,,NA,,,nlcd2013,openwater11,pct,datacoveragepct,,,zonal_attribution_of_raster_data,F:\Continental_Limnology\Data_Downloaded\NLCD\Pre-processed\NLCD_2013_Land_Cover_L48_20190424.tif,11,,,Y,Y,Y,Y,,,Y,Y,Y,Y,Y,Y,Y,Y,Y,Y,Y,,,,
composition,,,NA,,,nlcd2013,icesnow12,pct,datacoveragepct,,,zonal_attribution_of_raster_data,F:\Continental_Limnology\Data_Downloaded\NLCD\Pre-processed\NLCD_2013_Land_Cover_L48_20190424.tif,12,,,Y,Y,Y,Y,,,Y,Y,Y,Y,Y,Y,Y,Y,Y,Y,Y,,,,
composition,,,NA,,,nlcd2013,devopen21,pct,datacoveragepct,,,zonal_attribution_of_raster_data,F:\Continental_Limnology\Data_Downloaded\NLCD\Pre-processed\NLCD_2013_Land_Cover_L48_20190424.tif,21,,,Y,Y,Y,Y,,,Y,Y,Y,Y,Y,Y,Y,Y,Y,Y,Y,,,,
composition,,,NA,,,nlcd2013,devlow22,pct,datacoveragepct,,,zonal_attribution_of_raster_data,F:\Continental_Limnology\Data_Downloaded\NLCD\Pre-processed\NLCD_2013_Land_Cover_L48_20190424.tif,22,,,Y,Y,Y,Y,,,Y,Y,Y,Y,Y,Y,Y,Y,Y,Y,Y,,,,
composition,,,NA,,,nlcd2013,devmed23,pct,datacoveragepct,,,zonal_attribution_of_raster_data,F:\Continental_Limnology\Data_Downloaded\NLCD\Pre-processed\NLCD_2013_Land_Cover_L48_20190424.tif,23,,,Y,Y,Y,Y,,,Y,Y,Y,Y,Y,Y,Y,Y,Y,Y,Y,,,,
composition,,,NA,,,nlcd2013,devhi24,pct,datacoveragepct,,,zonal_attribution_of_raster_data,F:\Continental_Limnology\Data_Downloaded\NLCD\Pre-processed\NLCD_2013_Land_Cover_L48_20190424.tif,24,,,Y,Y,Y,Y,,,Y,Y,Y,Y,Y,Y,Y,Y,Y,Y,Y,,,,
composition,,,NA,,,nlcd2013,barren31,pct,datacoveragepct,,,zonal_attribution_of_raster_data,F:\Continental_Limnology\Data_Downloaded\NLCD\Pre-processed\NLCD_2013_Land_Cover_L48_20190424.tif,31,,,Y,Y,Y,Y,,,Y,Y,Y,Y,Y,Y,Y,Y,Y,Y,Y,,,,
composition,,,NA,,,nlcd2013,fordec41,pct,datacoveragepct,,,zonal_attribution_of_raster_data,F:\Continental_Limnology\Data_Downloaded\NLCD\Pre-processed\NLCD_2013_Land_Cover_L48_20190424.tif,41,,,Y,Y,Y,Y,,,Y,Y,Y,Y,Y,Y,Y,Y,Y,Y,Y,,,,
composition,,,NA,,,nlcd2013,forcon42,pct,datacoveragepct,,,zonal_attribution_of_raster_data,F:\Continental_Limnology\Data_Downloaded\NLCD\Pre-processed\NLCD_2013_Land_Cover_L48_20190424.tif,42,,,Y,Y,Y,Y,,,Y,Y,Y,Y,Y,Y,Y,Y,Y,Y,Y,,,,
composition,,,NA,,,nlcd2013,formix43,pct,datacoveragepct,,,zonal_attribution_of_raster_data,F:\Continental_Limnology\Data_Downloaded\NLCD\Pre-processed\NLCD_2013_Land_Cover_L48_20190424.tif,43,,,Y,Y,Y,Y,,,Y,Y,Y,Y,Y,Y,Y,Y,Y,Y,Y,,,,
composition,,,NA,,,nlcd2013,shrub52,pct,datacoveragepct,,,zonal_attribution_of_raster_data,F:\Continental_Limnology\Data_Downloaded\NLCD\Pre-processed\NLCD_2013_Land_Cover_L48_20190424.tif,52,,,Y,Y,Y,Y,,,Y,Y,Y,Y,Y,Y,Y,Y,Y,Y,Y,,,,
composition,,,NA,,,nlcd2013,grass71,pct,datacoveragepct,,,zonal_attribution_of_raster_data,F:\Continental_Limnology\Data_Downloaded\NLCD\Pre-processed\NLCD_2013_Land_Cover_L48_20190424.tif,71,,,Y,Y,Y,Y,,,Y,Y,Y,Y,Y,Y,Y,Y,Y,Y,Y,,,,
composition,,,NA,,,nlcd2013,past81,pct,datacoveragepct,,,zonal_attribution_of_raster_data,F:\Continental_Limnology\Data_Downloaded\NLCD\Pre-processed\NLCD_2013_Land_Cover_L48_20190424.tif,81,,,Y,Y,Y,Y,,,Y,Y,Y,Y,Y,Y,Y,Y,Y,Y,Y,,,,
composition,,,NA,,,nlcd2013,cultcrop82,pct,datacoveragepct,,,zonal_attribution_of_raster_data,F:\Continental_Limnology\Data_Downloaded\NLCD\Pre-processed\NLCD_2013_Land_Cover_L48_20190424.tif,82,,,Y,Y,Y,Y,,,Y,Y,Y,Y,Y,Y,Y,Y,Y,Y,Y,,,,
composition,,,NA,,,nlcd2013,wetwood90,pct,datacoveragepct,,,zonal_attribution_of_raster_data,F:\Continental_Limnology\Data_Downloaded\NLCD\Pre-processed\NLCD_2013_Land_Cover_L48_20190424.tif,90,,,Y,Y,Y,Y,,,Y,Y,Y,Y,Y,Y,Y,Y,Y,Y,Y,,,,
composition,,,NA,,,nlcd2013,wetemerg95,pct,datacoveragepct,,,zonal_attribution_of_raster_data,F:\Continental_Limnology\Data_Downloaded\NLCD\Pre-processed\NLCD_2013_Land_Cover_L48_20190424.tif,95,,,Y,Y,Y,Y,,,Y,Y,Y,Y,Y,Y,Y,Y,Y,Y,Y,,,,
composition,,,NA,,,nlcd2016,nodata0,pct,datacoveragepct,,,zonal_attribution_of_raster_data,F:\Continental_Limnology\Data_Downloaded\NLCD\Pre-processed\NLCD_2016_Land_Cover_L48_20190424.tif,0,,,Y,Y,Y,Y,,,Y,Y,Y,Y,Y,Y,Y,Y,Y,Y,Y,,,,
composition,,,NA,,,nlcd2016,openwater11,pct,datacoveragepct,,,zonal_attribution_of_raster_data,F:\Continental_Limnology\Data_Downloaded\NLCD\Pre-processed\NLCD_2016_Land_Cover_L48_20190424.tif,11,,,Y,Y,Y,Y,,,Y,Y,Y,Y,Y,Y,Y,Y,Y,Y,Y,,,,
composition,,,NA,,,nlcd2016,icesnow12,pct,datacoveragepct,,,zonal_attribution_of_raster_data,F:\Continental_Limnology\Data_Downloaded\NLCD\Pre-processed\NLCD_2016_Land_Cover_L48_20190424.tif,12,,,Y,Y,Y,Y,,,Y,Y,Y,Y,Y,Y,Y,Y,Y,Y,Y,,,,
composition,,,NA,,,nlcd2016,devopen21,pct,datacoveragepct,,,zonal_attribution_of_raster_data,F:\Continental_Limnology\Data_Downloaded\NLCD\Pre-processed\NLCD_2016_Land_Cover_L48_20190424.tif,21,,,Y,Y,Y,Y,,,Y,Y,Y,Y,Y,Y,Y,Y,Y,Y,Y,,,,
composition,,,NA,,,nlcd2016,devlow22,pct,datacoveragepct,,,zonal_attribution_of_raster_data,F:\Continental_Limnology\Data_Downloaded\NLCD\Pre-processed\NLCD_2016_Land_Cover_L48_20190424.tif,22,,,Y,Y,Y,Y,,,Y,Y,Y,Y,Y,Y,Y,Y,Y,Y,Y,,,,
composition,,,NA,,,nlcd2016,devmed23,pct,datacoveragepct,,,zonal_attribution_of_raster_data,F:\Continental_Limnology\Data_Downloaded\NLCD\Pre-processed\NLCD_2016_Land_Cover_L48_20190424.tif,23,,,Y,Y,Y,Y,,,Y,Y,Y,Y,Y,Y,Y,Y,Y,Y,Y,,,,
composition,,,NA,,,nlcd2016,devhi24,pct,datacoveragepct,,,zonal_attribution_of_raster_data,F:\Continental_Limnology\Data_Downloaded\NLCD\Pre-processed\NLCD_2016_Land_Cover_L48_20190424.tif,24,,,Y,Y,Y,Y,,,Y,Y,Y,Y,Y,Y,Y,Y,Y,Y,Y,,,,
composition,,,NA,,,nlcd2016,barren31,pct,datacoveragepct,,,zonal_attribution_of_raster_data,F:\Continental_Limnology\Data_Downloaded\NLCD\Pre-processed\NLCD_2016_Land_Cover_L48_20190424.tif,31,,,Y,Y,Y,Y,,,Y,Y,Y,Y,Y,Y,Y,Y,Y,Y,Y,,,,
composition,,,NA,,,nlcd2016,fordec41,pct,datacoveragepct,,,zonal_attribution_of_raster_data,F:\Continental_Limnology\Data_Downloaded\NLCD\Pre-processed\NLCD_2016_Land_Cover_L48_20190424.tif,41,,,Y,Y,Y,Y,,,Y,Y,Y,Y,Y,Y,Y,Y,Y,Y,Y,,,,
composition,,,NA,,,nlcd2016,forcon42,pct,datacoveragepct,,,zonal_attribution_of_raster_data,F:\Continental_Limnology\Data_Downloaded\NLCD\Pre-processed\NLCD_2016_Land_Cover_L48_20190424.tif,42,,,Y,Y,Y,Y,,,Y,Y,Y,Y,Y,Y,Y,Y,Y,Y,Y,,,,
composition,,,NA,,,nlcd2016,formix43,pct,datacoveragepct,,,zonal_attribution_of_raster_data,F:\Continental_Limnology\Data_Downloaded\NLCD\Pre-processed\NLCD_2016_Land_Cover_L48_20190424.tif,43,,,Y,Y,Y,Y,,,Y,Y,Y,Y,Y,Y,Y,Y,Y,Y,Y,,,,
composition,,,NA,,,nlcd2016,shrub52,pct,datacoveragepct,,,zonal_attribution_of_raster_data,F:\Continental_Limnology\Data_Downloaded\NLCD\Pre-processed\NLCD_2016_Land_Cover_L48_20190424.tif,52,,,Y,Y,Y,Y,,,Y,Y,Y,Y,Y,Y,Y,Y,Y,Y,Y,,,,
composition,,,NA,,,nlcd2016,grass71,pct,datacoveragepct,,,zonal_attribution_of_raster_data,F:\Continental_Limnology\Data_Downloaded\NLCD\Pre-processed\NLCD_2016_Land_Cover_L48_20190424.tif,71,,,Y,Y,Y,Y,,,Y,Y,Y,Y,Y,Y,Y,Y,Y,Y,Y,,,,
composition,,,NA,,,nlcd2016,past81,pct,datacoveragepct,,,zonal_attribution_of_raster_data,F:\Continental_Limnology\Data_Downloaded\NLCD\Pre-processed\NLCD_2016_Land_Cover_L48_20190424.tif,81,,,Y,Y,Y,Y,,,Y,Y,Y,Y,Y,Y,Y,Y,Y,Y,Y,,,,
composition,,,NA,,,nlcd2016,cultcrop82,pct,datacoveragepct,,,zonal_attribution_of_raster_data,F:\Continental_Limnology\Data_Downloaded\NLCD\Pre-processed\NLCD_2016_Land_Cover_L48_20190424.tif,82,,,Y,Y,Y,Y,,,Y,Y,Y,Y,Y,Y,Y,Y,Y,Y,Y,,,,
composition,,,NA,,,nlcd2016,wetwood90,pct,datacoveragepct,,,zonal_attribution_of_raster_data,F:\Continental_Limnology\Data_Downloaded\NLCD\Pre-processed\NLCD_2016_Land_Cover_L48_20190424.tif,90,,,Y,Y,Y,Y,,,Y,Y,Y,Y,Y,Y,Y,Y,Y,Y,Y,,,,
composition,,,NA,,,nlcd2016,wetemerg95,pct,datacoveragepct,,,zonal_attribution_of_raster_data,F:\Continental_Limnology\Data_Downloaded\NLCD\Pre-processed\NLCD_2016_Land_Cover_L48_20190424.tif,95,,,Y,Y,Y,Y,,,Y,Y,Y,Y,Y,Y,Y,Y,Y,Y,Y,,,,
zonal_stats,,,NA,,,wetdepso4,1985,kgperha,datacoveragepct,,,zonal_attribution_of_raster_data,F:\Continental_Limnology\Data_Downloaded\NADP_Deposition_Data\wet_dep_so4\Unzipped Original\dep_so4_1985.tif,,,,,,,,,,Y,Y,Y,Y,Y,Y,Y,Y,Y,Y,Y,,,,
zonal_stats,,,NA,,,wetdepso4,1986,kgperha,datacoveragepct,,,zonal_attribution_of_raster_data,F:\Continental_Limnology\Data_Downloaded\NADP_Deposition_Data\wet_dep_so4\Unzipped Original\dep_so4_1986.tif,,,,,,,,,,Y,Y,Y,Y,Y,Y,Y,Y,Y,Y,Y,,,,
zonal_stats,,,NA,,,wetdepso4,1987,kgperha,datacoveragepct,,,zonal_attribution_of_raster_data,F:\Continental_Limnology\Data_Downloaded\NADP_Deposition_Data\wet_dep_so4\Unzipped Original\dep_so4_1987.tif,,,,,,,,,,Y,Y,Y,Y,Y,Y,Y,Y,Y,Y,Y,,,,
zonal_stats,,,NA,,,wetdepso4,1988,kgperha,datacoveragepct,,,zonal_attribution_of_raster_data,F:\Continental_Limnology\Data_Downloaded\NADP_Deposition_Data\wet_dep_so4\Unzipped Original\dep_so4_1988.tif,,,,,,,,,,Y,Y,Y,Y,Y,Y,Y,Y,Y,Y,Y,,,,
zonal_stats,,,NA,,,wetdepso4,1989,kgperha,datacoveragepct,,,zonal_attribution_of_raster_data,F:\Continental_Limnology\Data_Downloaded\NADP_Deposition_Data\wet_dep_so4\Unzipped Original\dep_so4_1989.tif,,,,,,,,,,Y,Y,Y,Y,Y,Y,Y,Y,Y,Y,Y,,,,
zonal_stats,,,NA,,,wetdepso4,1990,kgperha,datacoveragepct,,,zonal_attribution_of_raster_data,F:\Continental_Limnology\Data_Downloaded\NADP_Deposition_Data\wet_dep_so4\Unzipped Original\dep_so4_1990.tif,,,,,,,,,,Y,Y,Y,Y,Y,Y,Y,Y,Y,Y,Y,,,,
zonal_stats,,,NA,,,wetdepso4,1991,kgperha,datacoveragepct,,,zonal_attribution_of_raster_data,F:\Continental_Limnology\Data_Downloaded\NADP_Deposition_Data\wet_dep_so4\Unzipped Original\dep_so4_1991.tif,,,,,,,,,,Y,Y,Y,Y,Y,Y,Y,Y,Y,Y,Y,,,,
zonal_stats,,,NA,,,wetdepso4,1992,kgperha,datacoveragepct,,,zonal_attribution_of_raster_data,F:\Continental_Limnology\Data_Downloaded\NADP_Deposition_Data\wet_dep_so4\Unzipped Original\dep_so4_1992.tif,,,,,,,,,,Y,Y,Y,Y,Y,Y,Y,Y,Y,Y,Y,,,,
zonal_stats,,,NA,,,wetdepso4,1993,kgperha,datacoveragepct,,,zonal_attribution_of_raster_data,F:\Continental_Limnology\Data_Downloaded\NADP_Deposition_Data\wet_dep_so4\Unzipped Original\dep_so4_1993.tif,,,,,,,,,,Y,Y,Y,Y,Y,Y,Y,Y,Y,Y,Y,,,,
zonal_stats,,,NA,,,wetdepso4,1994,kgperha,datacoveragepct,,,zonal_attribution_of_raster_data,F:\Continental_Limnology\Data_Downloaded\NADP_Deposition_Data\wet_dep_so4\Unzipped Original\dep_so4_1994.tif,,,,,,,,,,Y,Y,Y,Y,Y,Y,Y,Y,Y,Y,Y,,,,
zonal_stats,,,NA,,,wetdepso4,1995,kgperha,datacoveragepct,,,zonal_attribution_of_raster_data,F:\Continental_Limnology\Data_Downloaded\NADP_Deposition_Data\wet_dep_so4\Unzipped Original\dep_so4_1995.tif,,,,,,,,,,Y,Y,Y,Y,Y,Y,Y,Y,Y,Y,Y,,,,
zonal_stats,,,NA,,,wetdepso4,1996,kgperha,datacoveragepct,,,zonal_attribution_of_raster_data,F:\Continental_Limnology\Data_Downloaded\NADP_Deposition_Data\wet_dep_so4\Unzipped Original\dep_so4_1996.tif,,,,,,,,,,Y,Y,Y,Y,Y,Y,Y,Y,Y,Y,Y,,,,
zonal_stats,,,NA,,,wetdepso4,1997,kgperha,datacoveragepct,,,zonal_attribution_of_raster_data,F:\Continental_Limnology\Data_Downloaded\NADP_Deposition_Data\wet_dep_so4\Unzipped Original\dep_so4_1997.tif,,,,,,,,,,Y,Y,Y,Y,Y,Y,Y,Y,Y,Y,Y,,,,
zonal_stats,,,NA,,,wetdepso4,1998,kgperha,datacoveragepct,,,zonal_attribution_of_raster_data,F:\Continental_Limnology\Data_Downloaded\NADP_Deposition_Data\wet_dep_so4\Unzipped Original\dep_so4_1998.tif,,,,,,,,,,Y,Y,Y,Y,Y,Y,Y,Y,Y,Y,Y,,,,
zonal_stats,,,NA,,,wetdepso4,1999,kgperha,datacoveragepct,,,zonal_attribution_of_raster_data,F:\Continental_Limnology\Data_Downloaded\NADP_Deposition_Data\wet_dep_so4\Unzipped Original\dep_so4_1999.tif,,,,,,,,,,Y,Y,Y,Y,Y,Y,Y,Y,Y,Y,Y,,,,
zonal_stats,,,NA,,,wetdepso4,2000,kgperha,datacoveragepct,,,zonal_attribution_of_raster_data,F:\Continental_Limnology\Data_Downloaded\NADP_Deposition_Data\wet_dep_so4\Unzipped Original\dep_so4_2000.tif,,,,,,,,,,Y,Y,Y,Y,Y,Y,Y,Y,Y,Y,Y,,,,
zonal_stats,,,NA,,,wetdepso4,2001,kgperha,datacoveragepct,,,zonal_attribution_of_raster_data,F:\Continental_Limnology\Data_Downloaded\NADP_Deposition_Data\wet_dep_so4\Unzipped Original\dep_so4_2001.tif,,,,,,,,,,Y,Y,Y,Y,Y,Y,Y,Y,Y,Y,Y,,,,
zonal_stats,,,NA,,,wetdepso4,2002,kgperha,datacoveragepct,,,zonal_attribution_of_raster_data,F:\Continental_Limnology\Data_Downloaded\NADP_Deposition_Data\wet_dep_so4\Unzipped Original\dep_so4_2002.tif,,,,,,,,,,Y,Y,Y,Y,Y,Y,Y,Y,Y,Y,Y,,,,
zonal_stats,,,NA,,,wetdepso4,2003,kgperha,datacoveragepct,,,zonal_attribution_of_raster_data,F:\Continental_Limnology\Data_Downloaded\NADP_Deposition_Data\wet_dep_so4\Unzipped Original\dep_so4_2003.tif,,,,,,,,,,Y,Y,Y,Y,Y,Y,Y,Y,Y,Y,Y,,,,
zonal_stats,,,NA,,,wetdepso4,2004,kgperha,datacoveragepct,,,zonal_attribution_of_raster_data,F:\Continental_Limnology\Data_Downloaded\NADP_Deposition_Data\wet_dep_so4\Unzipped Original\dep_so4_2004.tif,,,,,,,,,,Y,Y,Y,Y,Y,Y,Y,Y,Y,Y,Y,,,,
zonal_stats,,,NA,,,wetdepso4,2005,kgperha,datacoveragepct,,,zonal_attribution_of_raster_data,F:\Continental_Limnology\Data_Downloaded\NADP_Deposition_Data\wet_dep_so4\Unzipped Original\dep_so4_2005.tif,,,,,,,,,,Y,Y,Y,Y,Y,Y,Y,Y,Y,Y,Y,,,,
zonal_stats,,,NA,,,wetdepso4,2006,kgperha,datacoveragepct,,,zonal_attribution_of_raster_data,F:\Continental_Limnology\Data_Downloaded\NADP_Deposition_Data\wet_dep_so4\Unzipped Original\dep_so4_2006.tif,,,,,,,,,,Y,Y,Y,Y,Y,Y,Y,Y,Y,Y,Y,,,,
zonal_stats,,,NA,,,wetdepso4,2007,kgperha,datacoveragepct,,,zonal_attribution_of_raster_data,F:\Continental_Limnology\Data_Downloaded\NADP_Deposition_Data\wet_dep_so4\Unzipped Original\dep_so4_2007.tif,,,,,,,,,,Y,Y,Y,Y,Y,Y,Y,Y,Y,Y,Y,,,,
zonal_stats,,,NA,,,wetdepso4,2008,kgperha,datacoveragepct,,,zonal_attribution_of_raster_data,F:\Continental_Limnology\Data_Downloaded\NADP_Deposition_Data\wet_dep_so4\Unzipped Original\dep_so4_2008.tif,,,,,,,,,,Y,Y,Y,Y,Y,Y,Y,Y,Y,Y,Y,,,,
zonal_stats,,,NA,,,wetdepso4,2009,kgperha,datacoveragepct,,,zonal_attribution_of_raster_data,F:\Continental_Limnology\Data_Downloaded\NADP_Deposition_Data\wet_dep_so4\Unzipped Original\dep_so4_2009.tif,,,,,,,,,,Y,Y,Y,Y,Y,Y,Y,Y,Y,Y,Y,,,,
zonal_stats,,,NA,,,wetdepso4,2010,kgperha,datacoveragepct,,,zonal_attribution_of_raster_data,F:\Continental_Limnology\Data_Downloaded\NADP_Deposition_Data\wet_dep_so4\Unzipped Original\dep_so4_2010.tif,,,,,,,,,,Y,Y,Y,Y,Y,Y,Y,Y,Y,Y,Y,,,,
zonal_stats,,,NA,,,wetdepso4,2011,kgperha,datacoveragepct,,,zonal_attribution_of_raster_data,F:\Continental_Limnology\Data_Downloaded\NADP_Deposition_Data\wet_dep_so4\Unzipped Original\dep_so4_2011.tif,,,,,,,,,,Y,Y,Y,Y,Y,Y,Y,Y,Y,Y,Y,,,,
zonal_stats,,,NA,,,wetdepso4,2012,kgperha,datacoveragepct,,,zonal_attribution_of_raster_data,F:\Continental_Limnology\Data_Downloaded\NADP_Deposition_Data\wet_dep_so4\Unzipped Original\SO4_dep_2012.tif,,,,,,,,,,Y,Y,Y,Y,Y,Y,Y,Y,Y,Y,Y,,,,
zonal_stats,,,NA,,,wetdepso4,2013,kgperha,datacoveragepct,,,zonal_attribution_of_raster_data,F:\Continental_Limnology\Data_Downloaded\NADP_Deposition_Data\wet_dep_so4\Unzipped Original\SO4_dep_2013.tif,,,,,,,,,,Y,Y,Y,Y,Y,Y,Y,Y,Y,Y,Y,,,,
zonal_stats,,,NA,,,wetdepso4,2014,kgperha,datacoveragepct,,,zonal_attribution_of_raster_data,F:\Continental_Limnology\Data_Downloaded\NADP_Deposition_Data\wet_dep_so4\Unzipped Original\SO4_dep_2014.tif,,,,,,,,,,Y,Y,Y,Y,Y,Y,Y,Y,Y,Y,Y,,,,
zonal_stats,,,NA,,,wetdepso4,2015,kgperha,datacoveragepct,,,zonal_attribution_of_raster_data,F:\Continental_Limnology\Data_Downloaded\NADP_Deposition_Data\wet_dep_so4\Unzipped Original\SO4_dep_2015.tif,,,,,,,,,,Y,Y,Y,Y,Y,Y,Y,Y,Y,Y,Y,,,,
zonal_stats,,,NA,,,wetdepso4,2016,kgperha,datacoveragepct,,,zonal_attribution_of_raster_data,F:\Continental_Limnology\Data_Downloaded\NADP_Deposition_Data\wet_dep_so4\Unzipped Original\SO4_dep_2016.tif,,,,,,,,,,Y,Y,Y,Y,Y,Y,Y,Y,Y,Y,Y,,,,
zonal_stats,,,NA,,,wetdepso4,2017,kgperha,datacoveragepct,,,zonal_attribution_of_raster_data,F:\Continental_Limnology\Data_Downloaded\NADP_Deposition_Data\wet_dep_so4\Unzipped Original\SO4_dep_2017.tif,,,,,,,,,,Y,Y,Y,Y,Y,Y,Y,Y,Y,Y,Y,,,,
zonal_stats,,,NA,,,wetdepno3,1985,kgperha,datacoveragepct,,,zonal_attribution_of_raster_data,F:\Continental_Limnology\Data_Downloaded\NADP_Deposition_Data\wet_dep_no3\Unzipped Original\dep_no3_1985.tif,,,,,,,,,,Y,Y,Y,Y,Y,Y,Y,Y,Y,Y,Y,,,,
zonal_stats,,,NA,,,wetdepno3,1986,kgperha,datacoveragepct,,,zonal_attribution_of_raster_data,F:\Continental_Limnology\Data_Downloaded\NADP_Deposition_Data\wet_dep_no3\Unzipped Original\dep_no3_1986.tif,,,,,,,,,,Y,Y,Y,Y,Y,Y,Y,Y,Y,Y,Y,,,,
zonal_stats,,,NA,,,wetdepno3,1987,kgperha,datacoveragepct,,,zonal_attribution_of_raster_data,F:\Continental_Limnology\Data_Downloaded\NADP_Deposition_Data\wet_dep_no3\Unzipped Original\dep_no3_1987.tif,,,,,,,,,,Y,Y,Y,Y,Y,Y,Y,Y,Y,Y,Y,,,,
zonal_stats,,,NA,,,wetdepno3,1988,kgperha,datacoveragepct,,,zonal_attribution_of_raster_data,F:\Continental_Limnology\Data_Downloaded\NADP_Deposition_Data\wet_dep_no3\Unzipped Original\dep_no3_1988.tif,,,,,,,,,,Y,Y,Y,Y,Y,Y,Y,Y,Y,Y,Y,,,,
zonal_stats,,,NA,,,wetdepno3,1989,kgperha,datacoveragepct,,,zonal_attribution_of_raster_data,F:\Continental_Limnology\Data_Downloaded\NADP_Deposition_Data\wet_dep_no3\Unzipped Original\dep_no3_1989.tif,,,,,,,,,,Y,Y,Y,Y,Y,Y,Y,Y,Y,Y,Y,,,,
zonal_stats,,,NA,,,wetdepno3,1990,kgperha,datacoveragepct,,,zonal_attribution_of_raster_data,F:\Continental_Limnology\Data_Downloaded\NADP_Deposition_Data\wet_dep_no3\Unzipped Original\dep_no3_1990.tif,,,,,,,,,,Y,Y,Y,Y,Y,Y,Y,Y,Y,Y,Y,,,,
zonal_stats,,,NA,,,wetdepno3,1991,kgperha,datacoveragepct,,,zonal_attribution_of_raster_data,F:\Continental_Limnology\Data_Downloaded\NADP_Deposition_Data\wet_dep_no3\Unzipped Original\dep_no3_1991.tif,,,,,,,,,,Y,Y,Y,Y,Y,Y,Y,Y,Y,Y,Y,,,,
zonal_stats,,,NA,,,wetdepno3,1992,kgperha,datacoveragepct,,,zonal_attribution_of_raster_data,F:\Continental_Limnology\Data_Downloaded\NADP_Deposition_Data\wet_dep_no3\Unzipped Original\dep_no3_1992.tif,,,,,,,,,,Y,Y,Y,Y,Y,Y,Y,Y,Y,Y,Y,,,,
zonal_stats,,,NA,,,wetdepno3,1993,kgperha,datacoveragepct,,,zonal_attribution_of_raster_data,F:\Continental_Limnology\Data_Downloaded\NADP_Deposition_Data\wet_dep_no3\Unzipped Original\dep_no3_1993.tif,,,,,,,,,,Y,Y,Y,Y,Y,Y,Y,Y,Y,Y,Y,,,,
zonal_stats,,,NA,,,wetdepno3,1994,kgperha,datacoveragepct,,,zonal_attribution_of_raster_data,F:\Continental_Limnology\Data_Downloaded\NADP_Deposition_Data\wet_dep_no3\Unzipped Original\dep_no3_1994.tif,,,,,,,,,,Y,Y,Y,Y,Y,Y,Y,Y,Y,Y,Y,,,,
zonal_stats,,,NA,,,wetdepno3,1995,kgperha,datacoveragepct,,,zonal_attribution_of_raster_data,F:\Continental_Limnology\Data_Downloaded\NADP_Deposition_Data\wet_dep_no3\Unzipped Original\dep_no3_1995.tif,,,,,,,,,,Y,Y,Y,Y,Y,Y,Y,Y,Y,Y,Y,,,,
zonal_stats,,,NA,,,wetdepno3,1996,kgperha,datacoveragepct,,,zonal_attribution_of_raster_data,F:\Continental_Limnology\Data_Downloaded\NADP_Deposition_Data\wet_dep_no3\Unzipped Original\dep_no3_1996.tif,,,,,,,,,,Y,Y,Y,Y,Y,Y,Y,Y,Y,Y,Y,,,,
zonal_stats,,,NA,,,wetdepno3,1997,kgperha,datacoveragepct,,,zonal_attribution_of_raster_data,F:\Continental_Limnology\Data_Downloaded\NADP_Deposition_Data\wet_dep_no3\Unzipped Original\dep_no3_1997.tif,,,,,,,,,,Y,Y,Y,Y,Y,Y,Y,Y,Y,Y,Y,,,,
zonal_stats,,,NA,,,wetdepno3,1998,kgperha,datacoveragepct,,,zonal_attribution_of_raster_data,F:\Continental_Limnology\Data_Downloaded\NADP_Deposition_Data\wet_dep_no3\Unzipped Original\dep_no3_1998.tif,,,,,,,,,,Y,Y,Y,Y,Y,Y,Y,Y,Y,Y,Y,,,,
zonal_stats,,,NA,,,wetdepno3,1999,kgperha,datacoveragepct,,,zonal_attribution_of_raster_data,F:\Continental_Limnology\Data_Downloaded\NADP_Deposition_Data\wet_dep_no3\Unzipped Original\dep_no3_1999.tif,,,,,,,,,,Y,Y,Y,Y,Y,Y,Y,Y,Y,Y,Y,,,,
zonal_stats,,,NA,,,wetdepno3,2000,kgperha,datacoveragepct,,,zonal_attribution_of_raster_data,F:\Continental_Limnology\Data_Downloaded\NADP_Deposition_Data\wet_dep_no3\Unzipped Original\dep_no3_2000.tif,,,,,,,,,,Y,Y,Y,Y,Y,Y,Y,Y,Y,Y,Y,,,,
zonal_stats,,,NA,,,wetdepno3,2001,kgperha,datacoveragepct,,,zonal_attribution_of_raster_data,F:\Continental_Limnology\Data_Downloaded\NADP_Deposition_Data\wet_dep_no3\Unzipped Original\dep_no3_2001.tif,,,,,,,,,,Y,Y,Y,Y,Y,Y,Y,Y,Y,Y,Y,,,,
zonal_stats,,,NA,,,wetdepno3,2002,kgperha,datacoveragepct,,,zonal_attribution_of_raster_data,F:\Continental_Limnology\Data_Downloaded\NADP_Deposition_Data\wet_dep_no3\Unzipped Original\dep_no3_2002.tif,,,,,,,,,,Y,Y,Y,Y,Y,Y,Y,Y,Y,Y,Y,,,,
zonal_stats,,,NA,,,wetdepno3,2003,kgperha,datacoveragepct,,,zonal_attribution_of_raster_data,F:\Continental_Limnology\Data_Downloaded\NADP_Deposition_Data\wet_dep_no3\Unzipped Original\dep_no3_2003.tif,,,,,,,,,,Y,Y,Y,Y,Y,Y,Y,Y,Y,Y,Y,,,,
zonal_stats,,,NA,,,wetdepno3,2004,kgperha,datacoveragepct,,,zonal_attribution_of_raster_data,F:\Continental_Limnology\Data_Downloaded\NADP_Deposition_Data\wet_dep_no3\Unzipped Original\dep_no3_2004.tif,,,,,,,,,,Y,Y,Y,Y,Y,Y,Y,Y,Y,Y,Y,,,,
zonal_stats,,,NA,,,wetdepno3,2005,kgperha,datacoveragepct,,,zonal_attribution_of_raster_data,F:\Continental_Limnology\Data_Downloaded\NADP_Deposition_Data\wet_dep_no3\Unzipped Original\dep_no3_2005.tif,,,,,,,,,,Y,Y,Y,Y,Y,Y,Y,Y,Y,Y,Y,,,,
zonal_stats,,,NA,,,wetdepno3,2006,kgperha,datacoveragepct,,,zonal_attribution_of_raster_data,F:\Continental_Limnology\Data_Downloaded\NADP_Deposition_Data\wet_dep_no3\Unzipped Original\dep_no3_2006.tif,,,,,,,,,,Y,Y,Y,Y,Y,Y,Y,Y,Y,Y,Y,,,,
zonal_stats,,,NA,,,wetdepno3,2007,kgperha,datacoveragepct,,,zonal_attribution_of_raster_data,F:\Continental_Limnology\Data_Downloaded\NADP_Deposition_Data\wet_dep_no3\Unzipped Original\dep_no3_2007.tif,,,,,,,,,,Y,Y,Y,Y,Y,Y,Y,Y,Y,Y,Y,,,,
zonal_stats,,,NA,,,wetdepno3,2008,kgperha,datacoveragepct,,,zonal_attribution_of_raster_data,F:\Continental_Limnology\Data_Downloaded\NADP_Deposition_Data\wet_dep_no3\Unzipped Original\dep_no3_2008.tif,,,,,,,,,,Y,Y,Y,Y,Y,Y,Y,Y,Y,Y,Y,,,,
zonal_stats,,,NA,,,wetdepno3,2009,kgperha,datacoveragepct,,,zonal_attribution_of_raster_data,F:\Continental_Limnology\Data_Downloaded\NADP_Deposition_Data\wet_dep_no3\Unzipped Original\dep_no3_2009.tif,,,,,,,,,,Y,Y,Y,Y,Y,Y,Y,Y,Y,Y,Y,,,,
zonal_stats,,,NA,,,wetdepno3,2010,kgperha,datacoveragepct,,,zonal_attribution_of_raster_data,F:\Continental_Limnology\Data_Downloaded\NADP_Deposition_Data\wet_dep_no3\Unzipped Original\dep_no3_2010.tif,,,,,,,,,,Y,Y,Y,Y,Y,Y,Y,Y,Y,Y,Y,,,,
zonal_stats,,,NA,,,wetdepno3,2011,kgperha,datacoveragepct,,,zonal_attribution_of_raster_data,F:\Continental_Limnology\Data_Downloaded\NADP_Deposition_Data\wet_dep_no3\Unzipped Original\dep_no3_2011.tif,,,,,,,,,,Y,Y,Y,Y,Y,Y,Y,Y,Y,Y,Y,,,,
zonal_stats,,,NA,,,wetdepno3,2012,kgperha,datacoveragepct,,,zonal_attribution_of_raster_data,F:\Continental_Limnology\Data_Downloaded\NADP_Deposition_Data\wet_dep_no3\Unzipped Original\NO3_dep_2012.tif,,,,,,,,,,Y,Y,Y,Y,Y,Y,Y,Y,Y,Y,Y,,,,
zonal_stats,,,NA,,,wetdepno3,2013,kgperha,datacoveragepct,,,zonal_attribution_of_raster_data,F:\Continental_Limnology\Data_Downloaded\NADP_Deposition_Data\wet_dep_no3\Unzipped Original\NO3_dep_2013.tif,,,,,,,,,,Y,Y,Y,Y,Y,Y,Y,Y,Y,Y,Y,,,,
zonal_stats,,,NA,,,wetdepno3,2014,kgperha,datacoveragepct,,,zonal_attribution_of_raster_data,F:\Continental_Limnology\Data_Downloaded\NADP_Deposition_Data\wet_dep_no3\Unzipped Original\NO3_dep_2014.tif,,,,,,,,,,Y,Y,Y,Y,Y,Y,Y,Y,Y,Y,Y,,,,
zonal_stats,,,NA,,,wetdepno3,2015,kgperha,datacoveragepct,,,zonal_attribution_of_raster_data,F:\Continental_Limnology\Data_Downloaded\NADP_Deposition_Data\wet_dep_no3\Unzipped Original\NO3_dep_2015.tif,,,,,,,,,,Y,Y,Y,Y,Y,Y,Y,Y,Y,Y,Y,,,,
zonal_stats,,,NA,,,wetdepno3,2016,kgperha,datacoveragepct,,,zonal_attribution_of_raster_data,F:\Continental_Limnology\Data_Downloaded\NADP_Deposition_Data\wet_dep_no3\Unzipped Original\NO3_dep_2016.tif,,,,,,,,,,Y,Y,Y,Y,Y,Y,Y,Y,Y,Y,Y,,,,
zonal_stats,,,NA,,,wetdepno3,2017,kgperha,datacoveragepct,,,zonal_attribution_of_raster_data,F:\Continental_Limnology\Data_Downloaded\NADP_Deposition_Data\wet_dep_no3\Unzipped Original\NO3_dep_2017.tif,,,,,,,,,,Y,Y,Y,Y,Y,Y,Y,Y,Y,Y,Y,,,,
zonal_stats,,,NA,,,wetdepinorgnitrogen,1985,kgperha,datacoveragepct,,,zonal_attribution_of_raster_data,F:\Continental_Limnology\Data_Downloaded\NADP_Deposition_Data\wet_dep_inorg_nitrogen\Unzipped Original\dep_totalN_1985.tif,,,,,,,,,,Y,Y,Y,Y,Y,Y,Y,Y,Y,Y,Y,,,,
zonal_stats,,,NA,,,wetdepinorgnitrogen,1986,kgperha,datacoveragepct,,,zonal_attribution_of_raster_data,F:\Continental_Limnology\Data_Downloaded\NADP_Deposition_Data\wet_dep_inorg_nitrogen\Unzipped Original\dep_totalN_1986.tif,,,,,,,,,,Y,Y,Y,Y,Y,Y,Y,Y,Y,Y,Y,,,,
zonal_stats,,,NA,,,wetdepinorgnitrogen,1987,kgperha,datacoveragepct,,,zonal_attribution_of_raster_data,F:\Continental_Limnology\Data_Downloaded\NADP_Deposition_Data\wet_dep_inorg_nitrogen\Unzipped Original\dep_totalN_1987.tif,,,,,,,,,,Y,Y,Y,Y,Y,Y,Y,Y,Y,Y,Y,,,,
zonal_stats,,,NA,,,wetdepinorgnitrogen,1988,kgperha,datacoveragepct,,,zonal_attribution_of_raster_data,F:\Continental_Limnology\Data_Downloaded\NADP_Deposition_Data\wet_dep_inorg_nitrogen\Unzipped Original\dep_totalN_1988.tif,,,,,,,,,,Y,Y,Y,Y,Y,Y,Y,Y,Y,Y,Y,,,,
zonal_stats,,,NA,,,wetdepinorgnitrogen,1989,kgperha,datacoveragepct,,,zonal_attribution_of_raster_data,F:\Continental_Limnology\Data_Downloaded\NADP_Deposition_Data\wet_dep_inorg_nitrogen\Unzipped Original\dep_totalN_1989.tif,,,,,,,,,,Y,Y,Y,Y,Y,Y,Y,Y,Y,Y,Y,,,,
zonal_stats,,,NA,,,wetdepinorgnitrogen,1990,kgperha,datacoveragepct,,,zonal_attribution_of_raster_data,F:\Continental_Limnology\Data_Downloaded\NADP_Deposition_Data\wet_dep_inorg_nitrogen\Unzipped Original\dep_totalN_1990.tif,,,,,,,,,,Y,Y,Y,Y,Y,Y,Y,Y,Y,Y,Y,,,,
zonal_stats,,,NA,,,wetdepinorgnitrogen,1991,kgperha,datacoveragepct,,,zonal_attribution_of_raster_data,F:\Continental_Limnology\Data_Downloaded\NADP_Deposition_Data\wet_dep_inorg_nitrogen\Unzipped Original\dep_totalN_1991.tif,,,,,,,,,,Y,Y,Y,Y,Y,Y,Y,Y,Y,Y,Y,,,,
zonal_stats,,,NA,,,wetdepinorgnitrogen,1992,kgperha,datacoveragepct,,,zonal_attribution_of_raster_data,F:\Continental_Limnology\Data_Downloaded\NADP_Deposition_Data\wet_dep_inorg_nitrogen\Unzipped Original\dep_totalN_1992.tif,,,,,,,,,,Y,Y,Y,Y,Y,Y,Y,Y,Y,Y,Y,,,,
zonal_stats,,,NA,,,wetdepinorgnitrogen,1993,kgperha,datacoveragepct,,,zonal_attribution_of_raster_data,F:\Continental_Limnology\Data_Downloaded\NADP_Deposition_Data\wet_dep_inorg_nitrogen\Unzipped Original\dep_totalN_1993.tif,,,,,,,,,,Y,Y,Y,Y,Y,Y,Y,Y,Y,Y,Y,,,,
zonal_stats,,,NA,,,wetdepinorgnitrogen,1994,kgperha,datacoveragepct,,,zonal_attribution_of_raster_data,F:\Continental_Limnology\Data_Downloaded\NADP_Deposition_Data\wet_dep_inorg_nitrogen\Unzipped Original\dep_totalN_1994.tif,,,,,,,,,,Y,Y,Y,Y,Y,Y,Y,Y,Y,Y,Y,,,,
zonal_stats,,,NA,,,wetdepinorgnitrogen,1995,kgperha,datacoveragepct,,,zonal_attribution_of_raster_data,F:\Continental_Limnology\Data_Downloaded\NADP_Deposition_Data\wet_dep_inorg_nitrogen\Unzipped Original\dep_totalN_1995.tif,,,,,,,,,,Y,Y,Y,Y,Y,Y,Y,Y,Y,Y,Y,,,,
zonal_stats,,,NA,,,wetdepinorgnitrogen,1996,kgperha,datacoveragepct,,,zonal_attribution_of_raster_data,F:\Continental_Limnology\Data_Downloaded\NADP_Deposition_Data\wet_dep_inorg_nitrogen\Unzipped Original\dep_totalN_1996.tif,,,,,,,,,,Y,Y,Y,Y,Y,Y,Y,Y,Y,Y,Y,,,,
zonal_stats,,,NA,,,wetdepinorgnitrogen,1997,kgperha,datacoveragepct,,,zonal_attribution_of_raster_data,F:\Continental_Limnology\Data_Downloaded\NADP_Deposition_Data\wet_dep_inorg_nitrogen\Unzipped Original\dep_totalN_1997.tif,,,,,,,,,,Y,Y,Y,Y,Y,Y,Y,Y,Y,Y,Y,,,,
zonal_stats,,,NA,,,wetdepinorgnitrogen,1998,kgperha,datacoveragepct,,,zonal_attribution_of_raster_data,F:\Continental_Limnology\Data_Downloaded\NADP_Deposition_Data\wet_dep_inorg_nitrogen\Unzipped Original\dep_totalN_1998.tif,,,,,,,,,,Y,Y,Y,Y,Y,Y,Y,Y,Y,Y,Y,,,,
zonal_stats,,,NA,,,wetdepinorgnitrogen,1999,kgperha,datacoveragepct,,,zonal_attribution_of_raster_data,F:\Continental_Limnology\Data_Downloaded\NADP_Deposition_Data\wet_dep_inorg_nitrogen\Unzipped Original\dep_totalN_1999.tif,,,,,,,,,,Y,Y,Y,Y,Y,Y,Y,Y,Y,Y,Y,,,,
zonal_stats,,,NA,,,wetdepinorgnitrogen,2000,kgperha,datacoveragepct,,,zonal_attribution_of_raster_data,F:\Continental_Limnology\Data_Downloaded\NADP_Deposition_Data\wet_dep_inorg_nitrogen\Unzipped Original\dep_totalN_2000.tif,,,,,,,,,,Y,Y,Y,Y,Y,Y,Y,Y,Y,Y,Y,,,,
zonal_stats,,,NA,,,wetdepinorgnitrogen,2001,kgperha,datacoveragepct,,,zonal_attribution_of_raster_data,F:\Continental_Limnology\Data_Downloaded\NADP_Deposition_Data\wet_dep_inorg_nitrogen\Unzipped Original\dep_totalN_2001.tif,,,,,,,,,,Y,Y,Y,Y,Y,Y,Y,Y,Y,Y,Y,,,,
zonal_stats,,,NA,,,wetdepinorgnitrogen,2002,kgperha,datacoveragepct,,,zonal_attribution_of_raster_data,F:\Continental_Limnology\Data_Downloaded\NADP_Deposition_Data\wet_dep_inorg_nitrogen\Unzipped Original\dep_totalN_2002.tif,,,,,,,,,,Y,Y,Y,Y,Y,Y,Y,Y,Y,Y,Y,,,,
zonal_stats,,,NA,,,wetdepinorgnitrogen,2003,kgperha,datacoveragepct,,,zonal_attribution_of_raster_data,F:\Continental_Limnology\Data_Downloaded\NADP_Deposition_Data\wet_dep_inorg_nitrogen\Unzipped Original\dep_totalN_2003.tif,,,,,,,,,,Y,Y,Y,Y,Y,Y,Y,Y,Y,Y,Y,,,,
zonal_stats,,,NA,,,wetdepinorgnitrogen,2004,kgperha,datacoveragepct,,,zonal_attribution_of_raster_data,F:\Continental_Limnology\Data_Downloaded\NADP_Deposition_Data\wet_dep_inorg_nitrogen\Unzipped Original\dep_totalN_2004.tif,,,,,,,,,,Y,Y,Y,Y,Y,Y,Y,Y,Y,Y,Y,,,,
zonal_stats,,,NA,,,wetdepinorgnitrogen,2005,kgperha,datacoveragepct,,,zonal_attribution_of_raster_data,F:\Continental_Limnology\Data_Downloaded\NADP_Deposition_Data\wet_dep_inorg_nitrogen\Unzipped Original\dep_totalN_2005.tif,,,,,,,,,,Y,Y,Y,Y,Y,Y,Y,Y,Y,Y,Y,,,,
zonal_stats,,,NA,,,wetdepinorgnitrogen,2006,kgperha,datacoveragepct,,,zonal_attribution_of_raster_data,F:\Continental_Limnology\Data_Downloaded\NADP_Deposition_Data\wet_dep_inorg_nitrogen\Unzipped Original\dep_totalN_2006.tif,,,,,,,,,,Y,Y,Y,Y,Y,Y,Y,Y,Y,Y,Y,,,,
zonal_stats,,,NA,,,wetdepinorgnitrogen,2007,kgperha,datacoveragepct,,,zonal_attribution_of_raster_data,F:\Continental_Limnology\Data_Downloaded\NADP_Deposition_Data\wet_dep_inorg_nitrogen\Unzipped Original\dep_totalN_2007.tif,,,,,,,,,,Y,Y,Y,Y,Y,Y,Y,Y,Y,Y,Y,,,,
zonal_stats,,,NA,,,wetdepinorgnitrogen,2008,kgperha,datacoveragepct,,,zonal_attribution_of_raster_data,F:\Continental_Limnology\Data_Downloaded\NADP_Deposition_Data\wet_dep_inorg_nitrogen\Unzipped Original\dep_totalN_2008.tif,,,,,,,,,,Y,Y,Y,Y,Y,Y,Y,Y,Y,Y,Y,,,,
zonal_stats,,,NA,,,wetdepinorgnitrogen,2009,kgperha,datacoveragepct,,,zonal_attribution_of_raster_data,F:\Continental_Limnology\Data_Downloaded\NADP_Deposition_Data\wet_dep_inorg_nitrogen\Unzipped Original\dep_totalN_2009.tif,,,,,,,,,,Y,Y,Y,Y,Y,Y,Y,Y,Y,Y,Y,,,,
zonal_stats,,,NA,,,wetdepinorgnitrogen,2010,kgperha,datacoveragepct,,,zonal_attribution_of_raster_data,F:\Continental_Limnology\Data_Downloaded\NADP_Deposition_Data\wet_dep_inorg_nitrogen\Unzipped Original\dep_totalN_2010.tif,,,,,,,,,,Y,Y,Y,Y,Y,Y,Y,Y,Y,Y,Y,,,,
zonal_stats,,,NA,,,wetdepinorgnitrogen,2011,kgperha,datacoveragepct,,,zonal_attribution_of_raster_data,F:\Continental_Limnology\Data_Downloaded\NADP_Deposition_Data\wet_dep_inorg_nitrogen\Unzipped Original\dep_totalN_2011.tif,,,,,,,,,,Y,Y,Y,Y,Y,Y,Y,Y,Y,Y,Y,,,,
zonal_stats,,,NA,,,wetdepinorgnitrogen,2012,kgperha,datacoveragepct,,,zonal_attribution_of_raster_data,F:\Continental_Limnology\Data_Downloaded\NADP_Deposition_Data\wet_dep_inorg_nitrogen\Unzipped Original\N_dep_2012.tif,,,,,,,,,,Y,Y,Y,Y,Y,Y,Y,Y,Y,Y,Y,,,,
zonal_stats,,,NA,,,wetdepinorgnitrogen,2013,kgperha,datacoveragepct,,,zonal_attribution_of_raster_data,F:\Continental_Limnology\Data_Downloaded\NADP_Deposition_Data\wet_dep_inorg_nitrogen\Unzipped Original\N_dep_2013.tif,,,,,,,,,,Y,Y,Y,Y,Y,Y,Y,Y,Y,Y,Y,,,,
zonal_stats,,,NA,,,wetdepinorgnitrogen,2014,kgperha,datacoveragepct,,,zonal_attribution_of_raster_data,F:\Continental_Limnology\Data_Downloaded\NADP_Deposition_Data\wet_dep_inorg_nitrogen\Unzipped Original\N_dep_2014.tif,,,,,,,,,,Y,Y,Y,Y,Y,Y,Y,Y,Y,Y,Y,,,,
zonal_stats,,,NA,,,wetdepinorgnitrogen,2015,kgperha,datacoveragepct,,,zonal_attribution_of_raster_data,F:\Continental_Limnology\Data_Downloaded\NADP_Deposition_Data\wet_dep_inorg_nitrogen\Unzipped Original\N_dep_2015.tif,,,,,,,,,,Y,Y,Y,Y,Y,Y,Y,Y,Y,Y,Y,,,,
zonal_stats,,,NA,,,wetdepinorgnitrogen,2016,kgperha,datacoveragepct,,,zonal_attribution_of_raster_data,F:\Continental_Limnology\Data_Downloaded\NADP_Deposition_Data\wet_dep_inorg_nitrogen\Unzipped Original\N_dep_2016.tif,,,,,,,,,,Y,Y,Y,Y,Y,Y,Y,Y,Y,Y,Y,,,,
zonal_stats,,,NA,,,wetdepinorgnitrogen,2017,kgperha,datacoveragepct,,,zonal_attribution_of_raster_data,F:\Continental_Limnology\Data_Downloaded\NADP_Deposition_Data\wet_dep_inorg_nitrogen\Unzipped Original\N_dep_2017.tif,,,,,,,,,,Y,Y,Y,Y,Y,Y,Y,Y,Y,Y,Y,,,,
zonal_stats,,,NA,,,totaldepsulfur,2000,kgperha,datacoveragepct,,,zonal_attribution_of_raster_data,F:\Continental_Limnology\Data_Downloaded\NADP_Deposition_Data\total_dep_sulfur\Pre-Processed\s_tw-2000_albers.tif,,,,,,,,,,Y,Y,Y,Y,Y,Y,Y,Y,Y,Y,Y,,,,
zonal_stats,,,NA,,,totaldepsulfur,2001,kgperha,datacoveragepct,,,zonal_attribution_of_raster_data,F:\Continental_Limnology\Data_Downloaded\NADP_Deposition_Data\total_dep_sulfur\Pre-Processed\s_tw-2001_albers.tif,,,,,,,,,,Y,Y,Y,Y,Y,Y,Y,Y,Y,Y,Y,,,,
zonal_stats,,,NA,,,totaldepsulfur,2002,kgperha,datacoveragepct,,,zonal_attribution_of_raster_data,F:\Continental_Limnology\Data_Downloaded\NADP_Deposition_Data\total_dep_sulfur\Pre-Processed\s_tw-2002_albers.tif,,,,,,,,,,Y,Y,Y,Y,Y,Y,Y,Y,Y,Y,Y,,,,
zonal_stats,,,NA,,,totaldepsulfur,2003,kgperha,datacoveragepct,,,zonal_attribution_of_raster_data,F:\Continental_Limnology\Data_Downloaded\NADP_Deposition_Data\total_dep_sulfur\Pre-Processed\s_tw-2003_albers.tif,,,,,,,,,,Y,Y,Y,Y,Y,Y,Y,Y,Y,Y,Y,,,,
zonal_stats,,,NA,,,totaldepsulfur,2004,kgperha,datacoveragepct,,,zonal_attribution_of_raster_data,F:\Continental_Limnology\Data_Downloaded\NADP_Deposition_Data\total_dep_sulfur\Pre-Processed\s_tw-2004_albers.tif,,,,,,,,,,Y,Y,Y,Y,Y,Y,Y,Y,Y,Y,Y,,,,
zonal_stats,,,NA,,,totaldepsulfur,2005,kgperha,datacoveragepct,,,zonal_attribution_of_raster_data,F:\Continental_Limnology\Data_Downloaded\NADP_Deposition_Data\total_dep_sulfur\Pre-Processed\s_tw-2005_albers.tif,,,,,,,,,,Y,Y,Y,Y,Y,Y,Y,Y,Y,Y,Y,,,,
zonal_stats,,,NA,,,totaldepsulfur,2006,kgperha,datacoveragepct,,,zonal_attribution_of_raster_data,F:\Continental_Limnology\Data_Downloaded\NADP_Deposition_Data\total_dep_sulfur\Pre-Processed\s_tw-2006_albers.tif,,,,,,,,,,Y,Y,Y,Y,Y,Y,Y,Y,Y,Y,Y,,,,
zonal_stats,,,NA,,,totaldepsulfur,2007,kgperha,datacoveragepct,,,zonal_attribution_of_raster_data,F:\Continental_Limnology\Data_Downloaded\NADP_Deposition_Data\total_dep_sulfur\Pre-Processed\s_tw-2007_albers.tif,,,,,,,,,,Y,Y,Y,Y,Y,Y,Y,Y,Y,Y,Y,,,,
zonal_stats,,,NA,,,totaldepsulfur,2008,kgperha,datacoveragepct,,,zonal_attribution_of_raster_data,F:\Continental_Limnology\Data_Downloaded\NADP_Deposition_Data\total_dep_sulfur\Pre-Processed\s_tw-2008_albers.tif,,,,,,,,,,Y,Y,Y,Y,Y,Y,Y,Y,Y,Y,Y,,,,
zonal_stats,,,NA,,,totaldepsulfur,2009,kgperha,datacoveragepct,,,zonal_attribution_of_raster_data,F:\Continental_Limnology\Data_Downloaded\NADP_Deposition_Data\total_dep_sulfur\Pre-Processed\s_tw-2009_albers.tif,,,,,,,,,,Y,Y,Y,Y,Y,Y,Y,Y,Y,Y,Y,,,,
zonal_stats,,,NA,,,totaldepsulfur,2010,kgperha,datacoveragepct,,,zonal_attribution_of_raster_data,F:\Continental_Limnology\Data_Downloaded\NADP_Deposition_Data\total_dep_sulfur\Pre-Processed\s_tw-2010_albers.tif,,,,,,,,,,Y,Y,Y,Y,Y,Y,Y,Y,Y,Y,Y,,,,
zonal_stats,,,NA,,,totaldepsulfur,2011,kgperha,datacoveragepct,,,zonal_attribution_of_raster_data,F:\Continental_Limnology\Data_Downloaded\NADP_Deposition_Data\total_dep_sulfur\Pre-Processed\s_tw-2011_albers.tif,,,,,,,,,,Y,Y,Y,Y,Y,Y,Y,Y,Y,Y,Y,,,,
zonal_stats,,,NA,,,totaldepsulfur,2012,kgperha,datacoveragepct,,,zonal_attribution_of_raster_data,F:\Continental_Limnology\Data_Downloaded\NADP_Deposition_Data\total_dep_sulfur\Pre-Processed\s_tw-2012_albers.tif,,,,,,,,,,Y,Y,Y,Y,Y,Y,Y,Y,Y,Y,Y,,,,
zonal_stats,,,NA,,,totaldepsulfur,2013,kgperha,datacoveragepct,,,zonal_attribution_of_raster_data,F:\Continental_Limnology\Data_Downloaded\NADP_Deposition_Data\total_dep_sulfur\Pre-Processed\s_tw-2013_albers.tif,,,,,,,,,,Y,Y,Y,Y,Y,Y,Y,Y,Y,Y,Y,,,,
zonal_stats,,,NA,,,totaldepsulfur,2014,kgperha,datacoveragepct,,,zonal_attribution_of_raster_data,F:\Continental_Limnology\Data_Downloaded\NADP_Deposition_Data\total_dep_sulfur\Pre-Processed\s_tw-2014_albers.tif,,,,,,,,,,Y,Y,Y,Y,Y,Y,Y,Y,Y,Y,Y,,,,
zonal_stats,,,NA,,,totaldepsulfur,2015,kgperha,datacoveragepct,,,zonal_attribution_of_raster_data,F:\Continental_Limnology\Data_Downloaded\NADP_Deposition_Data\total_dep_sulfur\Pre-Processed\s_tw-2015_albers.tif,,,,,,,,,,Y,Y,Y,Y,Y,Y,Y,Y,Y,Y,Y,,,,
zonal_stats,,,NA,,,totaldepsulfur,2016,kgperha,datacoveragepct,,,zonal_attribution_of_raster_data,F:\Continental_Limnology\Data_Downloaded\NADP_Deposition_Data\total_dep_sulfur\Pre-Processed\s_tw-2016_albers.tif,,,,,,,,,,Y,Y,Y,Y,Y,Y,Y,Y,Y,Y,Y,,,,
zonal_stats,,,NA,,,totaldepsulfur,2017,kgperha,datacoveragepct,,,zonal_attribution_of_raster_data,F:\Continental_Limnology\Data_Downloaded\NADP_Deposition_Data\total_dep_sulfur\Pre-Processed\s_tw-2017_albers.tif,,,,,,,,,,Y,Y,Y,Y,Y,Y,Y,Y,Y,Y,Y,,,,
zonal_stats,,,NA,,,totaldepnitrogen,2000,kgperha,datacoveragepct,,,zonal_attribution_of_raster_data,F:\Continental_Limnology\Data_Downloaded\NADP_Deposition_Data\total_dep_nitrogen\Pre-Processed\n_tw-2000_albers.tif,,,,,,,,,,Y,Y,Y,Y,Y,Y,Y,Y,Y,Y,Y,,,,
zonal_stats,,,NA,,,totaldepnitrogen,2001,kgperha,datacoveragepct,,,zonal_attribution_of_raster_data,F:\Continental_Limnology\Data_Downloaded\NADP_Deposition_Data\total_dep_nitrogen\Pre-Processed\n_tw-2001_albers.tif,,,,,,,,,,Y,Y,Y,Y,Y,Y,Y,Y,Y,Y,Y,,,,
zonal_stats,,,NA,,,totaldepnitrogen,2002,kgperha,datacoveragepct,,,zonal_attribution_of_raster_data,F:\Continental_Limnology\Data_Downloaded\NADP_Deposition_Data\total_dep_nitrogen\Pre-Processed\n_tw-2002_albers.tif,,,,,,,,,,Y,Y,Y,Y,Y,Y,Y,Y,Y,Y,Y,,,,
zonal_stats,,,NA,,,totaldepnitrogen,2003,kgperha,datacoveragepct,,,zonal_attribution_of_raster_data,F:\Continental_Limnology\Data_Downloaded\NADP_Deposition_Data\total_dep_nitrogen\Pre-Processed\n_tw-2003_albers.tif,,,,,,,,,,Y,Y,Y,Y,Y,Y,Y,Y,Y,Y,Y,,,,
zonal_stats,,,NA,,,totaldepnitrogen,2004,kgperha,datacoveragepct,,,zonal_attribution_of_raster_data,F:\Continental_Limnology\Data_Downloaded\NADP_Deposition_Data\total_dep_nitrogen\Pre-Processed\n_tw-2004_albers.tif,,,,,,,,,,Y,Y,Y,Y,Y,Y,Y,Y,Y,Y,Y,,,,
zonal_stats,,,NA,,,totaldepnitrogen,2005,kgperha,datacoveragepct,,,zonal_attribution_of_raster_data,F:\Continental_Limnology\Data_Downloaded\NADP_Deposition_Data\total_dep_nitrogen\Pre-Processed\n_tw-2005_albers.tif,,,,,,,,,,Y,Y,Y,Y,Y,Y,Y,Y,Y,Y,Y,,,,
zonal_stats,,,NA,,,totaldepnitrogen,2006,kgperha,datacoveragepct,,,zonal_attribution_of_raster_data,F:\Continental_Limnology\Data_Downloaded\NADP_Deposition_Data\total_dep_nitrogen\Pre-Processed\n_tw-2006_albers.tif,,,,,,,,,,Y,Y,Y,Y,Y,Y,Y,Y,Y,Y,Y,,,,
zonal_stats,,,NA,,,totaldepnitrogen,2007,kgperha,datacoveragepct,,,zonal_attribution_of_raster_data,F:\Continental_Limnology\Data_Downloaded\NADP_Deposition_Data\total_dep_nitrogen\Pre-Processed\n_tw-2007_albers.tif,,,,,,,,,,Y,Y,Y,Y,Y,Y,Y,Y,Y,Y,Y,,,,
zonal_stats,,,NA,,,totaldepnitrogen,2008,kgperha,datacoveragepct,,,zonal_attribution_of_raster_data,F:\Continental_Limnology\Data_Downloaded\NADP_Deposition_Data\total_dep_nitrogen\Pre-Processed\n_tw-2008_albers.tif,,,,,,,,,,Y,Y,Y,Y,Y,Y,Y,Y,Y,Y,Y,,,,
zonal_stats,,,NA,,,totaldepnitrogen,2009,kgperha,datacoveragepct,,,zonal_attribution_of_raster_data,F:\Continental_Limnology\Data_Downloaded\NADP_Deposition_Data\total_dep_nitrogen\Pre-Processed\n_tw-2009_albers.tif,,,,,,,,,,Y,Y,Y,Y,Y,Y,Y,Y,Y,Y,Y,,,,
zonal_stats,,,NA,,,totaldepnitrogen,2010,kgperha,datacoveragepct,,,zonal_attribution_of_raster_data,F:\Continental_Limnology\Data_Downloaded\NADP_Deposition_Data\total_dep_nitrogen\Pre-Processed\n_tw-2010_albers.tif,,,,,,,,,,Y,Y,Y,Y,Y,Y,Y,Y,Y,Y,Y,,,,
zonal_stats,,,NA,,,totaldepnitrogen,2011,kgperha,datacoveragepct,,,zonal_attribution_of_raster_data,F:\Continental_Limnology\Data_Downloaded\NADP_Deposition_Data\total_dep_nitrogen\Pre-Processed\n_tw-2011_albers.tif,,,,,,,,,,Y,Y,Y,Y,Y,Y,Y,Y,Y,Y,Y,,,,
zonal_stats,,,NA,,,totaldepnitrogen,2012,kgperha,datacoveragepct,,,zonal_attribution_of_raster_data,F:\Continental_Limnology\Data_Downloaded\NADP_Deposition_Data\total_dep_nitrogen\Pre-Processed\n_tw-2012_albers.tif,,,,,,,,,,Y,Y,Y,Y,Y,Y,Y,Y,Y,Y,Y,,,,
zonal_stats,,,NA,,,totaldepnitrogen,2013,kgperha,datacoveragepct,,,zonal_attribution_of_raster_data,F:\Continental_Limnology\Data_Downloaded\NADP_Deposition_Data\total_dep_nitrogen\Pre-Processed\n_tw-2013_albers.tif,,,,,,,,,,Y,Y,Y,Y,Y,Y,Y,Y,Y,Y,Y,,,,
zonal_stats,,,NA,,,totaldepnitrogen,2014,kgperha,datacoveragepct,,,zonal_attribution_of_raster_data,F:\Continental_Limnology\Data_Downloaded\NADP_Deposition_Data\total_dep_nitrogen\Pre-Processed\n_tw-2014_albers.tif,,,,,,,,,,Y,Y,Y,Y,Y,Y,Y,Y,Y,Y,Y,,,,
zonal_stats,,,NA,,,totaldepnitrogen,2015,kgperha,datacoveragepct,,,zonal_attribution_of_raster_data,F:\Continental_Limnology\Data_Downloaded\NADP_Deposition_Data\total_dep_nitrogen\Pre-Processed\n_tw-2015_albers.tif,,,,,,,,,,Y,Y,Y,Y,Y,Y,Y,Y,Y,Y,Y,,,,
zonal_stats,,,NA,,,totaldepnitrogen,2016,kgperha,datacoveragepct,,,zonal_attribution_of_raster_data,F:\Continental_Limnology\Data_Downloaded\NADP_Deposition_Data\total_dep_nitrogen\Pre-Processed\n_tw-2016_albers.tif,,,,,,,,,,Y,Y,Y,Y,Y,Y,Y,Y,Y,Y,Y,,,,
zonal_stats,,,NA,,,totaldepnitrogen,2017,kgperha,datacoveragepct,,,zonal_attribution_of_raster_data,F:\Continental_Limnology\Data_Downloaded\NADP_Deposition_Data\total_dep_nitrogen\Pre-Processed\n_tw-2017_albers.tif,,,,,,,,,,Y,Y,Y,Y,Y,Y,Y,Y,Y,Y,Y,,,,
zonal_stats,,,NA,,,soil,orgcarbon ,gperkg,datacoveragepct,,,zonal_attribution_of_raster_data,F:\Continental_Limnology\Data_Downloaded\Soil_SoilGrid\Pre-processed\orgcarbon.tif,,,,Y,Y,Y,Y,,,Y,Y,Y,Y,Y,Y,Y,Y,Y,Y,Y,,,,
zonal_stats,,,NA,,,soil,depthtobedrock,cm,datacoveragepct,,,zonal_attribution_of_raster_data,F:\Continental_Limnology\Data_Downloaded\Soil_SoilGrid\Pre-processed\depthtobedrock.tif,,,,Y,Y,Y,Y,,,Y,Y,Y,Y,Y,Y,Y,Y,Y,Y,Y,,,,
zonal_stats,,,NA,,,soil,clay,pct,datacoveragepct,,,zonal_attribution_of_raster_data,F:\Continental_Limnology\Data_Downloaded\Soil_SoilGrid\Pre-processed\clay.tif,,,,Y,Y,Y,Y,,,Y,Y,Y,Y,Y,Y,Y,Y,Y,Y,Y,,,,
zonal_stats,,,NA,,,soil,sand,pct,datacoveragepct,,,zonal_attribution_of_raster_data,F:\Continental_Limnology\Data_Downloaded\Soil_SoilGrid\Pre-processed\sand.tif,,,,Y,Y,Y,Y,,,Y,Y,Y,Y,Y,Y,Y,Y,Y,Y,Y,,,,
zonal_stats,,,NA,,,soil,silt,pct,datacoveragepct,,,zonal_attribution_of_raster_data,F:\Continental_Limnology\Data_Downloaded\Soil_SoilGrid\Pre-processed\silt.tif,,,,Y,Y,Y,Y,,,Y,Y,Y,Y,Y,Y,Y,Y,Y,Y,Y,,,,
zonal_stats,,,NA,,,soil,coarse,pct,datacoveragepct,,,zonal_attribution_of_raster_data,F:\Continental_Limnology\Data_Downloaded\Soil_SoilGrid\Pre-processed\coarse.tif,,,,Y,Y,Y,Y,,,Y,Y,Y,Y,Y,Y,Y,Y,Y,Y,Y,,,,
zonal_stats,,,NA,,,soil,kffact,factor,datacoveragepct,,,zonal_attribution_of_raster_data,F:\Continental_Limnology\Data_Downloaded\Soil_KFFact\Pre-processed\kffact.tif,,,,Y,Y,Y,Y,,,Y,Y,Y,Y,Y,Y,Y,Y,Y,Y,Y,,,,
zonal_stats,,,NA,,,soil,hydraulicconductivity,umpersec,datacoveragepct,,,zonal_attribution_of_raster_data,,,,,Y,Y,Y,Y,,,Y,Y,Y,Y,Y,Y,Y,Y,Y,Y,Y,,,,
key,,,NA,,,zoneid,,,,,,hand,,,,,,,,,,,,,,,,,,,,,,,,,
key,,,NA,,,lagoslakeid,,,,,,hand,,,,,,,,,,,,,,,,,,,,,,,,,
key,,,NA,,,sourcezoneid,,,,,,copy,,,,,,,,,,,,,,,,,,,,,,,,,
information,,,NA,,,name,,,,,,copy,,,,,,,,,,,,,,,,,,,,,,,,,
information,,,NA,,,namegnis,,,,,,copy,,,,,,,,,,,,,,,,,,,,,,,,,
information,,,NA,,,namelagos,,,,,,hand,,,,,,,,,,,,,,,,,,,,,,,,,
key,,,NA,,,lake_nhdid,,,,,,copy,,,,,,,,,,,,,,,,,,,,,,,,,
information,,,NA,,,nhdfcode,,,,,,copy,,,,,,,,,,,,,,,,,,,,,,,,,
information,,,NA,,,nhdftype,,,,,,copy,,,,,,,,,,,,,,,,,,,,,,,,,
key,,,NA,,,reachcode,,,,,,copy,,,,,,,,,,,,,,,,,,,,,,,,,
key,,,NA,,,fips,,,,,,copy,,,,,,,,,,,,,,,,,,,,,,,,,
key,,,NA,,,centroidstate,,,,,,hand:arcpy.FeatureToPoint_management,,,,,,,,,,,,,,,,,,,,,,,,,
key,,,NA,,,lake_huc12,,,,,,hand,,,,,,,,,,,,,,,,,,,,,,,,,
information,,,NA,,,states,,,,,,create_zones_log,,,,,,,,,,,,,,,,,,,,,,,,,
derived,,,NA,,,lat,,decdeg,,,,create_zones_log,,,,,,,,,,,,,,,,,,,,,,,,,
derived,,,NA,,,lon,,decdeg,,,,create_zones_log,,,,,,,,,,,,,,,,,,,,,,,,,
derived,,,NA,,,elevation,,m,,,,hand,,,,,,,,,,,,,,,,,,,,,,,,,
derived,,,NA,,,inusa,,pct,,,,create_zones_log,,,,,,,,,,,,,,,,,,,,,,,,,
flags,,,NA,,,onlandborder,,,,,,create_zones_log,,,,,,,,,,,,,,,,,,,,,,,,,
flags,,,NA,,,oncoast,,,,,,create_zones_log,,,,,,,,,,,,,,,,,,,,,,,,,
flags,,,NA,,,ismultipart,,,,,,create_zones_log,,,,,,,,,,,,,,,,,,,,,,,,,
derived,,,NA,,,waterarea,,ha,,,,hand,,,,,,,,,,,,,,,,,,,,,,,,,
derived,,,NA,,,totalarea,,ha,,,,hand,,,,,,,,,,,,,,,,,,,,,,,,,
derived,,,NA,,,islandarea,,ha,,,,hand,,,,,,,,,,,,,,,,,,,,,,,,,
derived,,,NA,,,perimeter,,m,,,,hand,,,,,,,,,,,,,,,,,,,,,,,,,
derived,,,NA,,,islandperimeter,,m,,,,hand,,,,,,,,,,,,,,,,,,,,,,,,,
derived,,,NA,,,shorelinedevfactor,,,,,,hand,,,,,,,,,,,,,,,,,,,,,,,,,
derived,,,NA,,,mbgconhull,length,m,,,,hand:arcpy.MinimumBoundingGeometry_management,,,,,,,,,,,,,,,,,,,,,,,,,
derived,,,NA,,,mbgconhull,width,m,,,,hand:arcpy.MinimumBoundingGeometry_management,,,,,,,,,,,,,,,,,,,,,,,,,
derived,,,NA,,,mbgconhull,orientation,deg,,,,hand:arcpy.MinimumBoundingGeometry_management,,,,,,,,,,,,,,,,,,,,,,,,,
derived,,,NA,,,meanwidth,,m,,,,hand,,,,,,,,,,,,,,,,,,,,,,,,,
derived,,,NA,,,mbgrect,length,m,,,,hand:arcpy.MinimumBoundingGeometry_management,,,,,,,,,,,,,,,,,,,,,,,,,
derived,,,NA,,,mbgrect,width,m,,,,hand:arcpy.MinimumBoundingGeometry_management,,,,,,,,,,,,,,,,,,,,,,,,,
derived,,,NA,,,mbgrect,arearatio,,,,,hand:arcpy.MinimumBoundingGeometry_management,,,,,,,,,,,,,,,,,,,,,,,,,
flags,,,NA,,,shapeflag,,,,,,hand,,,,,,,,,,,,,,,,,,,,,,,,,
derived,,,NA,,,glaciatedlatewisc,,,,,,hand,,,,,,,,,,,,,,,,,,,,,,,,,
derived,,,NA,,,connectivity,class,,,,,lake_connectivity_classification,,,,,,,,,,,,,,,,,,,,,,,,,
derived,,,NA,,,connectivity,permanent,,,,,lake_connectivity_classification,,,,,,,,,,,,,,,,,,,,,,,,,
derived,,,NA,,,connectivity,fluctuates,,,,,lake_connectivity_classification,,,,,,,,,,,,,,,,,,,,,,,,,
derived,,,NA,,,lakes10ha,upstream,n,ha,,,upstream_lakes,,,,,,,,,,,,,,,,,,,,,,,,,
derived,,,NA,,,lakes4ha,upstream,n,ha,,,upstream_lakes,,,,,,,,,,,,,,,,,,,,,,,,,
derived,,,NA,,,lakes1ha,upstream,n,ha,,,upstream_lakes,,,,,,,,,,,,,,,,,,,,,,,,,
derived,,,NA,,,focallakewaterarea,,ha,,,,upstream_lakes,,,,,,,,,,,,,,,,,,,,,,,,,
flags,,,NA,,,missingws,,,,,,hand,,,,,,,,,,,,,,,,,,,,,,,,,
flags,,,NA,,,ws_subtype,,,,,,calc_subtype_flag,,,,,,,,,,,,,,,,,,,,,,,,,
flags,,,NA,,,equalsnws,,,,,,watershed_equality,,,,,,,,,,,,,,,,,,,,,,,,,
flags,,,NA,,,includeshu4inlet,,,,,,aggregate_watersheds,,,,,,,,,,,,,,,,,,,,,,,,,
derived,,,NA,,,lakes10ha,all,n,nperha,ha,pct,lakes_in_zones,r'D:\Continental_Limnology\Data_Working\LAGOS_US_GIS_Data_v0.9.gdb\Lakes\LAGOS_US_All_Lakes_1ha',,,,,,,,Y,Y,Y,Y,Y,Y,Y,Y,Y,Y,Y,Y,Y,Y,Y,Y,Y
derived,,,NA,,,lakes10ha,isolated,n,nperha,ha,pct,lakes_in_zones,r'D:\Continental_Limnology\Data_Working\LAGOS_US_GIS_Data_v0.9.gdb\Lakes\LAGOS_US_All_Lakes_1ha',,,,,,,,Y,Y,Y,Y,Y,Y,Y,Y,Y,Y,Y,Y,Y,Y,Y,Y,Y
derived,,,NA,,,lakes10ha,headwater,n,nperha,ha,pct,lakes_in_zones,r'D:\Continental_Limnology\Data_Working\LAGOS_US_GIS_Data_v0.9.gdb\Lakes\LAGOS_US_All_Lakes_1ha',,,,,,,,Y,Y,Y,Y,Y,Y,Y,Y,Y,Y,Y,Y,Y,Y,Y,Y,Y
derived,,,NA,,,lakes10ha,drainage,n,nperha,ha,pct,lakes_in_zones,r'D:\Continental_Limnology\Data_Working\LAGOS_US_GIS_Data_v0.9.gdb\Lakes\LAGOS_US_All_Lakes_1ha',,,,,,,,Y,Y,Y,Y,Y,Y,Y,Y,Y,Y,Y,Y,Y,Y,Y,Y,Y
derived,,,NA,,,lakes10ha,drainagelk,n,nperha,ha,pct,lakes_in_zones,r'D:\Continental_Limnology\Data_Working\LAGOS_US_GIS_Data_v0.9.gdb\Lakes\LAGOS_US_All_Lakes_1ha',,,,,,,,Y,Y,Y,Y,Y,Y,Y,Y,Y,Y,Y,Y,Y,Y,Y,Y,Y
derived,,,NA,,,lakes10ha,allperm,n,nperha,ha,pct,lakes_in_zones,r'D:\Continental_Limnology\Data_Working\LAGOS_US_GIS_Data_v0.9.gdb\Lakes\LAGOS_US_All_Lakes_1ha',,,,,,,,Y,Y,Y,Y,Y,Y,Y,Y,Y,Y,Y,Y,Y,Y,Y,Y,Y
derived,,,NA,,,lakes10ha,isolatedperm,n,nperha,ha,pct,lakes_in_zones,r'D:\Continental_Limnology\Data_Working\LAGOS_US_GIS_Data_v0.9.gdb\Lakes\LAGOS_US_All_Lakes_1ha',,,,,,,,Y,Y,Y,Y,Y,Y,Y,Y,Y,Y,Y,Y,Y,Y,Y,Y,Y
derived,,,NA,,,lakes10ha,headwaterperm,n,nperha,ha,pct,lakes_in_zones,r'D:\Continental_Limnology\Data_Working\LAGOS_US_GIS_Data_v0.9.gdb\Lakes\LAGOS_US_All_Lakes_1ha',,,,,,,,Y,Y,Y,Y,Y,Y,Y,Y,Y,Y,Y,Y,Y,Y,Y,Y,Y
derived,,,NA,,,lakes10ha,drainageperm,n,nperha,ha,pct,lakes_in_zones,r'D:\Continental_Limnology\Data_Working\LAGOS_US_GIS_Data_v0.9.gdb\Lakes\LAGOS_US_All_Lakes_1ha',,,,,,,,Y,Y,Y,Y,Y,Y,Y,Y,Y,Y,Y,Y,Y,Y,Y,Y,Y
derived,,,NA,,,lakes10ha,drainagelkperm,n,nperha,ha,pct,lakes_in_zones,r'D:\Continental_Limnology\Data_Working\LAGOS_US_GIS_Data_v0.9.gdb\Lakes\LAGOS_US_All_Lakes_1ha',,,,,,,,Y,Y,Y,Y,Y,Y,Y,Y,Y,Y,Y,Y,Y,Y,Y,Y,Y
derived,,,NA,,,lakes4ha,all,n,nperha,ha,pct,lakes_in_zones,r'D:\Continental_Limnology\Data_Working\LAGOS_US_GIS_Data_v0.9.gdb\Lakes\LAGOS_US_All_Lakes_1ha',,,,,,,,Y,Y,Y,Y,Y,Y,Y,Y,Y,Y,Y,Y,Y,Y,Y,Y,Y
derived,,,NA,,,lakes4ha,isolated,n,nperha,ha,pct,lakes_in_zones,r'D:\Continental_Limnology\Data_Working\LAGOS_US_GIS_Data_v0.9.gdb\Lakes\LAGOS_US_All_Lakes_1ha',,,,,,,,Y,Y,Y,Y,Y,Y,Y,Y,Y,Y,Y,Y,Y,Y,Y,Y,Y
derived,,,NA,,,lakes4ha,headwater,n,nperha,ha,pct,lakes_in_zones,r'D:\Continental_Limnology\Data_Working\LAGOS_US_GIS_Data_v0.9.gdb\Lakes\LAGOS_US_All_Lakes_1ha',,,,,,,,Y,Y,Y,Y,Y,Y,Y,Y,Y,Y,Y,Y,Y,Y,Y,Y,Y
derived,,,NA,,,lakes4ha,drainage,n,nperha,ha,pct,lakes_in_zones,r'D:\Continental_Limnology\Data_Working\LAGOS_US_GIS_Data_v0.9.gdb\Lakes\LAGOS_US_All_Lakes_1ha',,,,,,,,Y,Y,Y,Y,Y,Y,Y,Y,Y,Y,Y,Y,Y,Y,Y,Y,Y
derived,,,NA,,,lakes4ha,drainagelk,n,nperha,ha,pct,lakes_in_zones,r'D:\Continental_Limnology\Data_Working\LAGOS_US_GIS_Data_v0.9.gdb\Lakes\LAGOS_US_All_Lakes_1ha',,,,,,,,Y,Y,Y,Y,Y,Y,Y,Y,Y,Y,Y,Y,Y,Y,Y,Y,Y
derived,,,NA,,,lakes4ha,allperm,n,nperha,ha,pct,lakes_in_zones,r'D:\Continental_Limnology\Data_Working\LAGOS_US_GIS_Data_v0.9.gdb\Lakes\LAGOS_US_All_Lakes_1ha',,,,,,,,Y,Y,Y,Y,Y,Y,Y,Y,Y,Y,Y,Y,Y,Y,Y,Y,Y
derived,,,NA,,,lakes4ha,isolatedperm,n,nperha,ha,pct,lakes_in_zones,r'D:\Continental_Limnology\Data_Working\LAGOS_US_GIS_Data_v0.9.gdb\Lakes\LAGOS_US_All_Lakes_1ha',,,,,,,,Y,Y,Y,Y,Y,Y,Y,Y,Y,Y,Y,Y,Y,Y,Y,Y,Y
derived,,,NA,,,lakes4ha,headwaterperm,n,nperha,ha,pct,lakes_in_zones,r'D:\Continental_Limnology\Data_Working\LAGOS_US_GIS_Data_v0.9.gdb\Lakes\LAGOS_US_All_Lakes_1ha',,,,,,,,Y,Y,Y,Y,Y,Y,Y,Y,Y,Y,Y,Y,Y,Y,Y,Y,Y
derived,,,NA,,,lakes4ha,drainageperm,n,nperha,ha,pct,lakes_in_zones,r'D:\Continental_Limnology\Data_Working\LAGOS_US_GIS_Data_v0.9.gdb\Lakes\LAGOS_US_All_Lakes_1ha',,,,,,,,Y,Y,Y,Y,Y,Y,Y,Y,Y,Y,Y,Y,Y,Y,Y,Y,Y
derived,,,NA,,,lakes4ha,drainagelkperm,n,nperha,ha,pct,lakes_in_zones,r'D:\Continental_Limnology\Data_Working\LAGOS_US_GIS_Data_v0.9.gdb\Lakes\LAGOS_US_All_Lakes_1ha',,,,,,,,Y,Y,Y,Y,Y,Y,Y,Y,Y,Y,Y,Y,Y,Y,Y,Y,Y
derived,,,NA,,,lakes1ha,all,n,nperha,ha,pct,lakes_in_zones,r'D:\Continental_Limnology\Data_Working\LAGOS_US_GIS_Data_v0.9.gdb\Lakes\LAGOS_US_All_Lakes_1ha',,,,,,,,Y,Y,Y,Y,Y,Y,Y,Y,Y,Y,Y,Y,Y,Y,Y,Y,Y
derived,,,NA,,,lakes1ha,isolated,n,nperha,ha,pct,lakes_in_zones,r'D:\Continental_Limnology\Data_Working\LAGOS_US_GIS_Data_v0.9.gdb\Lakes\LAGOS_US_All_Lakes_1ha',,,,,,,,Y,Y,Y,Y,Y,Y,Y,Y,Y,Y,Y,Y,Y,Y,Y,Y,Y
derived,,,NA,,,lakes1ha,headwater,n,nperha,ha,pct,lakes_in_zones,r'D:\Continental_Limnology\Data_Working\LAGOS_US_GIS_Data_v0.9.gdb\Lakes\LAGOS_US_All_Lakes_1ha',,,,,,,,Y,Y,Y,Y,Y,Y,Y,Y,Y,Y,Y,Y,Y,Y,Y,Y,Y
derived,,,NA,,,lakes1ha,drainage,n,nperha,ha,pct,lakes_in_zones,r'D:\Continental_Limnology\Data_Working\LAGOS_US_GIS_Data_v0.9.gdb\Lakes\LAGOS_US_All_Lakes_1ha',,,,,,,,Y,Y,Y,Y,Y,Y,Y,Y,Y,Y,Y,Y,Y,Y,Y,Y,Y
derived,,,NA,,,lakes1ha,drainagelk,n,nperha,ha,pct,lakes_in_zones,r'D:\Continental_Limnology\Data_Working\LAGOS_US_GIS_Data_v0.9.gdb\Lakes\LAGOS_US_All_Lakes_1ha',,,,,,,,Y,Y,Y,Y,Y,Y,Y,Y,Y,Y,Y,Y,Y,Y,Y,Y,Y
derived,,,NA,,,lakes1ha,allperm,n,nperha,ha,pct,lakes_in_zones,r'D:\Continental_Limnology\Data_Working\LAGOS_US_GIS_Data_v0.9.gdb\Lakes\LAGOS_US_All_Lakes_1ha',,,,,,,,Y,Y,Y,Y,Y,Y,Y,Y,Y,Y,Y,Y,Y,Y,Y,Y,Y
derived,,,NA,,,lakes1ha,isolatedperm,n,nperha,ha,pct,lakes_in_zones,r'D:\Continental_Limnology\Data_Working\LAGOS_US_GIS_Data_v0.9.gdb\Lakes\LAGOS_US_All_Lakes_1ha',,,,,,,,Y,Y,Y,Y,Y,Y,Y,Y,Y,Y,Y,Y,Y,Y,Y,Y,Y
derived,,,NA,,,lakes1ha,headwaterperm,n,nperha,ha,pct,lakes_in_zones,r'D:\Continental_Limnology\Data_Working\LAGOS_US_GIS_Data_v0.9.gdb\Lakes\LAGOS_US_All_Lakes_1ha',,,,,,,,Y,Y,Y,Y,Y,Y,Y,Y,Y,Y,Y,Y,Y,Y,Y,Y,Y
derived,,,NA,,,lakes1ha,drainageperm,n,nperha,ha,pct,lakes_in_zones,r'D:\Continental_Limnology\Data_Working\LAGOS_US_GIS_Data_v0.9.gdb\Lakes\LAGOS_US_All_Lakes_1ha',,,,,,,,Y,Y,Y,Y,Y,Y,Y,Y,Y,Y,Y,Y,Y,Y,Y,Y,Y
derived,,,NA,,,lakes1ha,drainagelkperm,n,nperha,ha,pct,lakes_in_zones,r'D:\Continental_Limnology\Data_Working\LAGOS_US_GIS_Data_v0.9.gdb\Lakes\LAGOS_US_All_Lakes_1ha',,,,,,,,Y,Y,Y,Y,Y,Y,Y,Y,Y,Y,Y,Y,Y,Y,Y,Y,Y
zonal_stats,,,,,,elevation,min,m,,,,zonal_attribution_of_raster_data,,,,,,,,,,,,,,,,,,,,,,,,,
zonal_stats,,,,,,elevation,mean,m,,,,zonal_attribution_of_raster_data,,,,,,,,,,,,,,,,,,,,,,,,,
zonal_stats,,,,,,elevation,max,m,,,,zonal_attribution_of_raster_data,,,,,,,,,,,,,,,,,,,,,,,,,
derived,,,,,,stdevelevation,,m,,,,zonal_attribution_of_raster_data,,,,,,,,,,,,,,,,,,,,,,,,,
derived,,,,,,tri,,m,,,,zonal_attribution_of_raster_data,,,,,,,,,,,,,,,,,,,,,,,,,
zonal_stats,,,,,,topographicwetness,,index,,,,zonal_attribution_of_raster_data,,,,,,,,,,,,,,,,,,,,,,,,,
derived,,,,,,reliefratio,,,,,,hand,,,,,,,,,,,,,,,,,,,,,,,,,
derived,,,,,,area,,,,,,hand,,,,,,,,,,,,,,,,,,,,,,,,,
derived,,,,,,perimeter,,,,,,hand,,,,,,,,,,,,,,,,,,,,,,,,,
derived,,,,,,dams,,n,nperha,,,,,,,,,,,,,,,,,,,,,,,,,,,,
derived,,,,,,roads,,,mperha,,,,,,,,,,,,,,,,,,,,,,,,,,,,
derived,,,,,,canals,,,mperha,,,,,,,,,,,,,,,,,,,,,,,,,,,,
derived,,,,,,"fracking[1990s, 2000s]",vertical,n,nperha,,,,,,,,,,,,,,,,,,,,,,,,,,,,
derived,,,,,,"fracking[1990s, 2000s]",horizontal,n,nperha,,,,,,,,,,,,,,,,,,,,,,,,,,,,
derived,,,,,,"fracking[1990s, 2000s]",directional,n,nperha,,,,,,,,,,,,,,,,,,,,,,,,,,,,
derived,,,,,,"fracking[1990s, 2000s]",pinnate,n,nperha,,,,,,,,,,,,,,,,,,,,,,,,,,,,
derived,,,,,,npdes,majordischarge,n,nperha,,,,,,,,,,,,,,,,,,,,,,,,,,,,
derived,,,,,,npdes,cafo,n,nperha,,,,,,,,,,,,,,,,,,,,,,,,,,,,
derived,,,,,,npdes,potw,n,nperha,,,,,,,,,,,,,,,,,,,,,,,,,,,,
derived,,,,,,npdes,stormwatermunicipal,n,nperha,,,,,,,,,,,,,,,,,,,,,,,,,,,,
derived,,,,,,npdes,stormwaterindustrial,n,nperha,,,,,,,,,,,,,,,,,,,,,,,,,,,,
derived,,,,,,npdes,superfundnpl,n,nperha,,,,,,,,,,,,,,,,,,,,,,,,,,,,
derived,,,,,,mines,heavymetal,n,nperha,,,,,,,,,,,,,,,,,,,,,,,,,,,,
derived,,,,,,mines,iron,n,nperha,,,,,,,,,,,,,,,,,,,,,,,,,,,,
derived,,,,,,mines,peat,n,nperha,,,,,,,,,,,,,,,,,,,,,,,,,,,,
derived,,,,,,mines,rareelements,n,nperha,,,,,,,,,,,,,,,,,,,,,,,,,,,,
derived,,,,,,mines,rockmisc,n,nperha,,,,,,,,,,,,,,,,,,,,,,,,,,,,
derived,,,,,,mines,stonegravelclay,n,nperha,,,,,,,,,,,,,,,,,,,,,,,,,,,,
derived,,,,,,mines,sulfur,n,nperha,,,,,,,,,,,,,,,,,,,,,,,,,,,,
composition,,,,,,agency,federal,pct,,,,zonal_attribution_of_polygon_data,r'D:\Continental_Limnology\Data_Downloaded\ProtectedAreasDb_PAD-US\Pre-processed\LAGOS_PADUS.gdb\padus',FED,agency,Y,Y,Y,Y,Y,,,Y,Y,Y,Y,Y,Y,Y,Y,Y,Y,Y,,,,
composition,,,,,,agency,tribal,pct,,,,zonal_attribution_of_polygon_data,r'D:\Continental_Limnology\Data_Downloaded\ProtectedAreasDb_PAD-US\Pre-processed\LAGOS_PADUS.gdb\padus',TRIB,agency,Y,Y,Y,Y,Y,,,Y,Y,Y,Y,Y,Y,Y,Y,Y,Y,Y,,,,
composition,,,,,,agency,state,pct,,,,zonal_attribution_of_polygon_data,r'D:\Continental_Limnology\Data_Downloaded\ProtectedAreasDb_PAD-US\Pre-processed\LAGOS_PADUS.gdb\padus',STAT,agency,Y,Y,Y,Y,Y,,,Y,Y,Y,Y,Y,Y,Y,Y,Y,Y,Y,,,,
composition,,,,,,agency,district,pct,,,,zonal_attribution_of_polygon_data,r'D:\Continental_Limnology\Data_Downloaded\ProtectedAreasDb_PAD-US\Pre-processed\LAGOS_PADUS.gdb\padus',DIST,agency,Y,Y,Y,Y,Y,,,Y,Y,Y,Y,Y,Y,Y,Y,Y,Y,Y,,,,
composition,,,,,,agency,local,pct,,,,zonal_attribution_of_polygon_data,r'D:\Continental_Limnology\Data_Downloaded\ProtectedAreasDb_PAD-US\Pre-processed\LAGOS_PADUS.gdb\padus',LOC,agency,Y,Y,Y,Y,Y,,,Y,Y,Y,Y,Y,Y,Y,Y,Y,Y,Y,,,,
composition,,,,,,agency,ngo,pct,,,,zonal_attribution_of_polygon_data,r'D:\Continental_Limnology\Data_Downloaded\ProtectedAreasDb_PAD-US\Pre-processed\LAGOS_PADUS.gdb\padus',NGO,agency,Y,Y,Y,Y,Y,,,Y,Y,Y,Y,Y,Y,Y,Y,Y,Y,Y,,,,
composition,,,,,,agency,private,pct,,,,zonal_attribution_of_polygon_data,r'D:\Continental_Limnology\Data_Downloaded\ProtectedAreasDb_PAD-US\Pre-processed\LAGOS_PADUS.gdb\padus',PVT,agency,Y,Y,Y,Y,Y,,,Y,Y,Y,Y,Y,Y,Y,Y,Y,Y,Y,,,,
composition,,,,,,agency,joint,pct,,,,zonal_attribution_of_polygon_data,r'D:\Continental_Limnology\Data_Downloaded\ProtectedAreasDb_PAD-US\Pre-processed\LAGOS_PADUS.gdb\padus',JNT,agency,Y,Y,Y,Y,Y,,,Y,Y,Y,Y,Y,Y,Y,Y,Y,Y,Y,,,,
composition,,,,,,agency,unknown,pct,,,,zonal_attribution_of_polygon_data,r'D:\Continental_Limnology\Data_Downloaded\ProtectedAreasDb_PAD-US\Pre-processed\LAGOS_PADUS.gdb\padus',UNK,agency,Y,Y,Y,Y,Y,,,Y,Y,Y,Y,Y,Y,Y,Y,Y,Y,Y,,,,
composition,,,,,,agency,territorial,pct,,,,zonal_attribution_of_polygon_data,r'D:\Continental_Limnology\Data_Downloaded\ProtectedAreasDb_PAD-US\Pre-processed\LAGOS_PADUS.gdb\padus',TERR,agency,Y,Y,Y,Y,Y,,,Y,Y,Y,Y,Y,Y,Y,Y,Y,Y,Y,,,,
composition,,,,,,agency,designation,pct,,,,zonal_attribution_of_polygon_data,r'D:\Continental_Limnology\Data_Downloaded\ProtectedAreasDb_PAD-US\Pre-processed\LAGOS_PADUS.gdb\padus',DESG,agency,Y,Y,Y,Y,Y,,,Y,Y,Y,Y,Y,Y,Y,Y,Y,Y,Y,,,,
composition,,,,,,gap,status1,pct,,,,zonal_attribution_of_polygon_data,r'D:\Continental_Limnology\Data_Downloaded\ProtectedAreasDb_PAD-US\Pre-processed\LAGOS_PADUS.gdb\padus',1,gap,,Y,Y,Y,Y,,,Y,Y,Y,Y,Y,Y,Y,Y,Y,Y,Y,,,,
composition,,,,,,gap,status2,pct,,,,zonal_attribution_of_polygon_data,r'D:\Continental_Limnology\Data_Downloaded\ProtectedAreasDb_PAD-US\Pre-processed\LAGOS_PADUS.gdb\padus',2,gap,,Y,Y,Y,Y,,,Y,Y,Y,Y,Y,Y,Y,Y,Y,Y,Y,,,,
composition,,,,,,gap,status3,pct,,,,zonal_attribution_of_polygon_data,r'D:\Continental_Limnology\Data_Downloaded\ProtectedAreasDb_PAD-US\Pre-processed\LAGOS_PADUS.gdb\padus',3,gap,,Y,Y,Y,Y,,,Y,Y,Y,Y,Y,Y,Y,Y,Y,Y,Y,,,,
composition,,,,,,gap,status4,pct,,,,zonal_attribution_of_polygon_data,r'D:\Continental_Limnology\Data_Downloaded\ProtectedAreasDb_PAD-US\Pre-processed\LAGOS_PADUS.gdb\padus',4,gap,,Y,Y,Y,Y,,,Y,Y,Y,Y,Y,Y,Y,Y,Y,Y,Y,,,,
composition,,,,,,iucn,naturereserve,pct,,,,zonal_attribution_of_polygon_data,r'D:\Continental_Limnology\Data_Downloaded\ProtectedAreasDb_PAD-US\Pre-processed\LAGOS_PADUS.gdb\padus',Ia,iucn,Y,Y,Y,Y,Y,,,Y,Y,Y,Y,Y,Y,Y,Y,Y,Y,Y,,,,
composition,,,,,,iucn,wilderness,pct,,,,zonal_attribution_of_polygon_data,r'D:\Continental_Limnology\Data_Downloaded\ProtectedAreasDb_PAD-US\Pre-processed\LAGOS_PADUS.gdb\padus',Ib,iucn,Y,Y,Y,Y,Y,,,Y,Y,Y,Y,Y,Y,Y,Y,Y,Y,Y,,,,
composition,,,,,,iucn,nationalpark,pct,,,,zonal_attribution_of_polygon_data,r'D:\Continental_Limnology\Data_Downloaded\ProtectedAreasDb_PAD-US\Pre-processed\LAGOS_PADUS.gdb\padus',II,iucn,Y,Y,Y,Y,Y,,,Y,Y,Y,Y,Y,Y,Y,Y,Y,Y,Y,,,,
composition,,,,,,iucn,naturalmonument,pct,,,,zonal_attribution_of_polygon_data,r'D:\Continental_Limnology\Data_Downloaded\ProtectedAreasDb_PAD-US\Pre-processed\LAGOS_PADUS.gdb\padus',III,iucn,Y,Y,Y,Y,Y,,,Y,Y,Y,Y,Y,Y,Y,Y,Y,Y,Y,,,,
composition,,,,,,iucn,habitatspeciesmgt,pct,,,,zonal_attribution_of_polygon_data,r'D:\Continental_Limnology\Data_Downloaded\ProtectedAreasDb_PAD-US\Pre-processed\LAGOS_PADUS.gdb\padus',IV,iucn,Y,Y,Y,Y,Y,,,Y,Y,Y,Y,Y,Y,Y,Y,Y,Y,Y,,,,
composition,,,,,,iucn,protectedlandsea,pct,,,,zonal_attribution_of_polygon_data,r'D:\Continental_Limnology\Data_Downloaded\ProtectedAreasDb_PAD-US\Pre-processed\LAGOS_PADUS.gdb\padus',V,iucn,Y,Y,Y,Y,Y,,,Y,Y,Y,Y,Y,Y,Y,Y,Y,Y,Y,,,,
composition,,,,,,iucn,protectedsustainable,pct,,,,zonal_attribution_of_polygon_data,r'D:\Continental_Limnology\Data_Downloaded\ProtectedAreasDb_PAD-US\Pre-processed\LAGOS_PADUS.gdb\padus',VI,iucn,Y,Y,Y,Y,Y,,,Y,Y,Y,Y,Y,Y,Y,Y,Y,Y,Y,,,,
composition,,,,,,iucn,other,pct,,,,zonal_attribution_of_polygon_data,r'D:\Continental_Limnology\Data_Downloaded\ProtectedAreasDb_PAD-US\Pre-processed\LAGOS_PADUS.gdb\padus',Other_Conservation_Area,iucn,Y,Y,Y,Y,Y,,,Y,Y,Y,Y,Y,Y,Y,Y,Y,Y,Y,,,,
composition,,,,,,iucn,unassigned,pct,,,,zonal_attribution_of_polygon_data,r'D:\Continental_Limnology\Data_Downloaded\ProtectedAreasDb_PAD-US\Pre-processed\LAGOS_PADUS.gdb\padus',Unassigned,iucn,Y,Y,Y,Y,Y,,,Y,Y,Y,Y,Y,Y,Y,Y,Y,Y,Y,,,,
,,,,,,,,,,,,,,,,,,,,,,,,,,,,,,,,,,,,,
,,,,,,,,,,,,,,,,,,,,,,,,,,,,,,,,,,,,,
,,,,,,,,,,,,,,,,,,,,,,,,,,,,,,,,,,,,,
,,,,,,,,,,,,,,,,,,,,,,,,,,,,,,,,,,,,,
,,,,,,,,,,,,,,,,,,,,,,,,,,,,,,,,,,,,,
,,,,,,,,,,,,,,,,,,,,,,,,,,,,,,,,,,,,,
,,,,,,,,,,,,,,,,,,,,,,,,,,,,,,,,,,,,,
,,,,,,,,,,,,,,,,,,,,,,,,,,,,,,,,,,,,,
,,,,,,,,,,,,,,,,,,,,,,,,,,,,,,,,,,,,,
,,,,,,,,,,,,,,,,,,,,,,,,,,,,,,,,,,,,,
,,,,,,,,,,,,,,,,,,,,,,,,,,,,,,,,,,,,,
,,,,,,,,,,,,,,,,,,,,,,,,,,,,,,,,,,,,,
,,,,,,,,,,,,,,,,,,,,,,,,,,,,,,,,,,,,,
,,,,,,,,,,,,,,,,,,,,,,,,,,,,,,,,,,,,,
,,,,,,,,,,,,,,,,,,,,,,,,,,,,,,,,,,,,,
,,,,,,,,,,,,,,,,,,,,,,,,,,,,,,,,,,,,,
,,,,,,,,,,,,,,,,,,,,,,,,,,,,,,,,,,,,,
,,,,,,,,,,,,,,,,,,,,,,,,,,,,,,,,,,,,,
,,,,,,,,,,,,,,,,,,,,,,,,,,,,,,,,,,,,,
,,,,,,,,,,,,,,,,,,,,,,,,,,,,,,,,,,,,,
,,,,,,,,,,,,,,,,,,,,,,,,,,,,,,,,,,,,,
,,,,,,,,,,,,,,,,,,,,,,,,,,,,,,,,,,,,,
,,,,,,,,,,,,,,,,,,,,,,,,,,,,,,,,,,,,,
,,,,,,,,,,,,,,,,,,,,,,,,,,,,,,,,,,,,,
,,,,,,,,,,,,,,,,,,,,,,,,,,,,,,,,,,,,,
,,,,,,,,,,,,,,,,,,,,,,,,,,,,,,,,,,,,,
,,,,,,,,,,,,,,,,,,,,,,,,,,,,,,,,,,,,,
,,,,,,,,,,,,,,,,,,,,,,,,,,,,,,,,,,,,,
,,,,,,,,,,,,,,,,,,,,,,,,,,,,,,,,,,,,,
,,,,,,,,,,,,,,,,,,,,,,,,,,,,,,,,,,,,,
,,,,,,,,,,,,,,,,,,,,,,,,,,,,,,,,,,,,,
,,,,,,,,,,,,,,,,,,,,,,,,,,,,,,,,,,,,,
,,,,,,,,,,,,,,,,,,,,,,,,,,,,,,,,,,,,,
,,,,,,,,,,,,,,,,,,,,,,,,,,,,,,,,,,,,,
,,,,,,,,,,,,,,,,,,,,,,,,,,,,,,,,,,,,,
,,,,,,,,,,,,,,,,,,,,,,,,,,,,,,,,,,,,,
,,,,,,,,,,,,,,,,,,,,,,,,,,,,,,,,,,,,,
